token	corpus size	contexts size	frequency	co-frequency	specificity
l	93016	13107	3644	1671	490.21
de	93016	13107	4240	774	14.66
d	93016	13107	2525	437	6.22
la	93016	13107	2492	325	-2.14
est	93016	13107	1173	292	22.63
et	93016	13107	1952	274	-1.58
un	93016	13107	1175	256	12.70
le	93016	13107	1625	220	-1.63
une	93016	13107	1177	179	1.75
dans	93016	13107	978	170	3.28
que	93016	13107	1076	153	1.46
en	93016	13107	1141	134	-2.63
les	93016	13107	1335	127	-7.07
r	93016	13107	973	112	-2.64
qui	93016	13107	795	101	-1.65
des	93016	13107	1003	98	-5.11
a	93016	13107	519	94	2.75
comme	93016	13107	370	89	6.97
s	93016	13107	934	89	-5.25
il	93016	13107	756	88	-2.21
pour	93016	13107	618	87	1.33
nous	93016	13107	643	86	-1.39
n	93016	13107	549	85	1.51
au	93016	13107	425	80	2.88
pas	93016	13107	515	77	1.37
du	93016	13107	637	76	-1.87
espoir	93016	13107	1834	74	-46.41
ce	93016	13107	562	61	-2.41
peut	93016	13107	301	60	2.91
sur	93016	13107	424	60	1.25
plus	93016	13107	478	60	-1.47
qu	93016	13107	479	58	-1.61
ne	93016	13107	398	55	-1.24
t	93016	13107	437	53	-1.55
c	93016	13107	396	53	-1.27
th	93016	13107	175	47	5.40
se	93016	13107	361	46	-1.32
vous	93016	13107	381	44	-1.66
on	93016	13107	374	43	-1.67
par	93016	13107	456	43	-3.18
vie	93016	13107	285	42	1.20
e	93016	13107	475	41	-4.08
ou	93016	13107	375	40	-2.03
fait	93016	13107	176	40	3.20
y	93016	13107	182	40	2.93
re	93016	13107	314	40	-1.28
tre	93016	13107	331	37	-1.70
m	93016	13107	548	37	-7.57
donner	93016	13107	77	37	12.03
force	93016	13107	80	36	10.69
esp	93016	13107	410	36	-3.51
mais	93016	13107	266	36	-1.16
cette	93016	13107	271	30	-1.59
entre	93016	13107	128	29	2.54
son	93016	13107	197	28	1.09
sespoir	93016	13107	162	28	1.36
sans	93016	13107	121	27	2.35
car	93016	13107	81	27	5.18
o	93016	13107	119	27	2.43
vivre	93016	13107	84	26	4.41
pouvoir	93016	13107	68	25	5.69
orie	93016	13107	45	24	9.24
trouver	93016	13107	46	23	8.18
rance	93016	13107	234	23	-1.90
cet	93016	13107	76	22	3.43
snyder	93016	13107	69	22	4.06
notre	93016	13107	202	22	-1.45
si	93016	13107	169	22	-1.08
me	93016	13107	354	21	-6.30
sa	93016	13107	181	21	-1.25
ont	93016	13107	119	20	1.16
philosophie	93016	13107	47	20	5.82
tout	93016	13107	177	20	-1.29
v	93016	13107	156	20	-1.07
pr	93016	13107	281	20	-3.96
elle	93016	13107	197	20	-1.63
comment	93016	13107	68	20	3.27
sont	93016	13107	185	19	-1.54
sens	93016	13107	99	19	1.42
avec	93016	13107	248	19	-3.18
ainsi	93016	13107	126	19	1.03
bien	93016	13107	177	19	-1.40
je	93016	13107	240	19	-2.93
chr	93016	13107	58	19	3.77
aussi	93016	13107	138	18	-1.03
avoir	93016	13107	80	18	1.86
avenir	93016	13107	130	18	1.00
toujours	93016	13107	94	17	1.22
j	93016	13107	223	17	-2.96
non	93016	13107	98	17	1.15
leur	93016	13107	165	17	-1.46
chez	93016	13107	80	17	1.62
cultiver	93016	13107	22	16	9.14
selon	93016	13107	74	16	1.62
niveau	93016	13107	28	16	6.93
attente	93016	13107	70	15	1.54
seulement	93016	13107	61	15	1.95
tant	93016	13107	77	15	1.31
nourrir	93016	13107	22	15	8.00
p	93016	13107	167	14	-2.07
ses	93016	13107	147	14	-1.56
donc	93016	13107	77	14	1.15
sujet	93016	13107	61	14	1.66
chapitre	93016	13107	19	14	8.18
garder	93016	13107	19	13	7.03
sentiment	93016	13107	78	13	1.01
ces	93016	13107	114	13	-1.09
appara	93016	13107	30	13	4.11
partie	93016	13107	39	13	2.87
crainte	93016	13107	34	13	3.48
dimension	93016	13107	59	13	1.49
politique	93016	13107	62	13	1.38
ussite	93016	13107	21	12	5.34
diff	93016	13107	73	12	0.97
ritable	93016	13107	21	12	5.34
moteur	93016	13107	21	12	5.34
jamais	93016	13107	51	12	1.58
dit	93016	13107	85	12	0.91
votre	93016	13107	83	12	0.91
action	93016	13107	80	12	0.92
esprit	93016	13107	52	11	1.29
capacit	93016	13107	48	11	1.45
fran	93016	13107	53	11	1.25
tait	93016	13107	66	11	0.96
alors	93016	13107	65	11	0.97
celui	93016	13107	61	11	1.04
avons	93016	13107	47	11	1.50
ai	93016	13107	67	11	0.95
lorsque	93016	13107	54	11	1.22
silience	93016	13107	43	11	1.71
analyse	93016	13107	56	11	1.16
voir	93016	13107	60	10	0.93
tat	93016	13107	42	10	1.45
cr	93016	13107	50	10	1.14
perdu	93016	13107	17	10	4.68
stabilisante	93016	13107	10	10	8.51
dieu	93016	13107	126	10	-1.88
foi	93016	13107	65	10	0.89
psychologique	93016	13107	47	10	1.24
chose	93016	13107	71	10	0.87
seul	93016	13107	35	10	1.90
leurs	93016	13107	85	10	-0.96
donne	93016	13107	39	10	1.62
permet	93016	13107	38	10	1.68
g	93016	13107	123	10	-1.79
grandit	93016	13107	4	10	-16.12
conomie	93016	13107	53	10	1.06
technologies	93016	13107	12	10	6.82
clinique	93016	13107	55	10	1.01
consid	93016	13107	53	9	0.92
caract	93016	13107	38	9	1.36
deux	93016	13107	89	9	-1.13
devient	93016	13107	23	9	2.67
agit	93016	13107	37	9	1.41
te	93016	13107	119	9	-1.93
implique	93016	13107	26	9	2.29
art	93016	13107	35	9	1.53
quelque	93016	13107	65	9	0.85
monde	93016	13107	97	9	-1.31
quence	93016	13107	29	9	1.98
quand	93016	13107	86	9	-1.08
rer	93016	13107	178	9	-4.21
livre	93016	13107	31	9	1.81
notamment	93016	13107	39	9	1.31
peu	93016	13107	41	9	1.23
notion	93016	13107	29	9	1.98
bon	93016	13107	26	9	2.29
dont	93016	13107	69	9	0.86
place	93016	13107	35	9	1.53
ils	93016	13107	145	9	-2.85
devenir	93016	13107	31	9	1.81
essentiel	93016	13107	22	8	2.23
na	93016	13107	22	8	2.23
fa	93016	13107	71	8	-0.94
peur	93016	13107	28	8	1.64
in	93016	13107	39	8	1.06
concept	93016	13107	22	8	2.23
autres	93016	13107	93	8	-1.41
motion	93016	13107	37	8	1.13
forme	93016	13107	55	8	0.82
souvent	93016	13107	68	8	-0.90
id	93016	13107	67	8	-0.89
contre	93016	13107	54	8	0.83
galement	93016	13107	57	8	0.82
reste	93016	13107	25	8	1.90
amour	93016	13107	50	8	0.85
del	93016	13107	27	8	1.72
importance	93016	13107	30	8	1.49
entretenir	93016	13107	13	8	4.03
faire	93016	13107	126	8	-2.49
dire	93016	13107	84	8	-1.18
button	93016	13107	125	8	-2.46
li	93016	13107	33	8	1.32
int	93016	13107	92	8	-1.38
u	93016	13107	86	8	-1.23
es	93016	13107	149	8	-3.42
propos	93016	13107	31	8	1.43
quoi	93016	13107	38	8	1.10
conception	93016	13107	29	8	1.56
moral	93016	13107	26	8	1.80
rapeutique	93016	13107	34	8	1.26
essai	93016	13107	51	8	0.84
temps	93016	13107	71	7	-1.06
voix	93016	13107	14	7	2.88
essentielle	93016	13107	14	7	2.88
signifie	93016	13107	26	7	1.39
individus	93016	13107	45	7	0.81
finition	93016	13107	24	7	1.54
contraire	93016	13107	29	7	1.22
ici	93016	13107	42	7	0.83
malgr	93016	13107	38	7	0.90
face	93016	13107	68	7	-0.99
ment	93016	13107	54	7	0.81
message	93016	13107	14	7	2.88
contemplations	93016	13107	14	7	2.88
sein	93016	13107	21	7	1.82
gime	93016	13107	23	7	1.62
valeur	93016	13107	31	7	1.12
faut	93016	13107	70	7	-1.03
perdre	93016	13107	9	7	4.53
va	93016	13107	49	7	0.79
autre	93016	13107	94	7	-1.69
apr	93016	13107	47	7	0.80
aide	93016	13107	34	7	1.01
quel	93016	13107	21	7	1.82
travers	93016	13107	36	7	0.95
grand	93016	13107	38	7	0.90
vraiment	93016	13107	27	7	1.33
encore	93016	13107	96	7	-1.75
bible	93016	13107	40	7	0.86
trois	93016	13107	22	7	1.72
faux	93016	13107	19	7	2.05
lui	93016	13107	149	7	-3.88
flexion	93016	13107	21	7	1.82
puissance	93016	13107	22	7	1.72
conomique	93016	13107	27	7	1.33
constitue	93016	13107	25	7	1.46
mieux	93016	13107	46	7	0.80
tr	93016	13107	57	7	-0.83
processus	93016	13107	45	6	0.77
effets	93016	13107	19	6	1.53
scientifiques	93016	13107	17	6	1.74
side	93016	13107	11	6	2.77
psychologie	93016	13107	46	6	0.77
ant	93016	13107	24	6	1.16
encourager	93016	13107	9	6	3.38
confiance	93016	13107	100	6	-2.23
divine	93016	13107	20	6	1.44
impact	93016	13107	10	6	3.05
quotidien	93016	13107	13	6	2.33
aux	93016	13107	137	6	-3.84
hope	93016	13107	31	6	0.89
crit	93016	13107	40	6	0.76
nature	93016	13107	31	6	0.89
voit	93016	13107	28	6	0.98
victor	93016	13107	15	6	2.00
part	93016	13107	32	6	0.86
associ	93016	13107	27	6	1.02
flux	93016	13107	35	6	0.81
pourquoi	93016	13107	33	6	0.84
oui	93016	13107	25	6	1.11
quelle	93016	13107	26	6	1.06
mots	93016	13107	28	6	0.98
cessaire	93016	13107	19	6	1.53
absence	93016	13107	14	6	2.16
cependant	93016	13107	40	6	0.76
litt	93016	13107	33	6	0.84
approche	93016	13107	31	6	0.89
prend	93016	13107	14	6	2.16
semez	93016	13107	2	6	-12.21
poss	93016	13107	13	6	2.33
maladie	93016	13107	59	6	-0.95
tienne	93016	13107	37	6	0.78
tien	93016	13107	18	6	1.63
sultats	93016	13107	20	6	1.44
bergeret	93016	13107	16	6	1.86
dernier	93016	13107	36	5	0.72
recherches	93016	13107	22	5	0.96
moments	93016	13107	26	5	0.82
essence	93016	13107	6	5	3.54
att	93016	13107	10	5	2.18
nuer	93016	13107	7	5	3.07
objectifs	93016	13107	58	5	-1.09
fis	93016	13107	22	5	0.96
favorise	93016	13107	9	5	2.42
gr	93016	13107	35	5	0.72
jpg	93016	13107	19	5	1.11
fl	93016	13107	17	5	1.26
existence	93016	13107	41	5	0.76
sent	93016	13107	69	5	-1.43
humaine	93016	13107	37	5	0.73
changement	93016	13107	44	5	-0.79
central	93016	13107	11	5	1.99
puissant	93016	13107	11	5	1.99
mani	93016	13107	49	5	-0.88
objet	93016	13107	28	5	0.78
transformation	93016	13107	32	5	0.73
faible	93016	13107	15	5	1.44
fond	93016	13107	23	5	0.92
ve	93016	13107	25	5	0.85
sir	93016	13107	52	5	-0.94
nouveau	93016	13107	25	5	0.85
aider	93016	13107	25	5	0.85
retrouv	93016	13107	7	5	3.07
comprendre	93016	13107	17	5	1.26
hommes	93016	13107	21	5	1.00
gardons	93016	13107	5	5	4.26
semble	93016	13107	34	5	0.72
incertitude	93016	13107	42	5	-0.77
soci	93016	13107	36	5	0.72
b	93016	13107	59	5	-1.12
pouvez	93016	13107	24	5	0.88
source	93016	13107	39	5	0.74
moins	93016	13107	51	5	-0.92
h	93016	13107	50	5	-0.90
vient	93016	13107	23	5	0.92
exil	93016	13107	24	5	0.88
volution	93016	13107	19	5	1.11
rature	93016	13107	22	5	0.96
ceux	93016	13107	61	5	-1.17
tu	93016	13107	26	5	0.82
rence	93016	13107	36	5	0.72
exp	93016	13107	69	5	-1.43
authentique	93016	13107	10	5	2.18
mon	93016	13107	35	5	0.72
vertus	93016	13107	16	5	1.34
culture	93016	13107	21	5	1.00
eux	93016	13107	33	5	0.73
mot	93016	13107	36	4	-0.74
avez	93016	13107	20	4	0.77
grands	93016	13107	12	4	1.24
joue	93016	13107	8	4	1.82
strat	93016	13107	24	4	0.70
favoriser	93016	13107	7	4	2.06
toutes	93016	13107	31	4	0.69
perspective	93016	13107	44	4	-0.91
pleine	93016	13107	17	4	0.89
aspiration	93016	13107	13	4	1.14
croyance	93016	13107	31	4	0.69
aliser	93016	13107	18	4	0.84
positives	93016	13107	15	4	0.99
optimisme	93016	13107	52	4	-1.14
renforcer	93016	13107	15	4	0.99
adversit	93016	13107	28	4	0.68
favorisant	93016	13107	16	4	0.94
fondement	93016	13107	11	4	1.35
divin	93016	13107	13	4	1.14
profond	93016	13107	26	4	0.68
transcende	93016	13107	6	4	2.36
sesp	93016	13107	59	4	-1.37
aucun	93016	13107	12	4	1.24
notions	93016	13107	12	4	1.24
depuis	93016	13107	32	4	0.70
paris	93016	13107	32	4	0.70
po	93016	13107	44	4	-0.91
vertu	93016	13107	24	4	0.70
repr	93016	13107	42	4	-0.86
point	93016	13107	36	4	-0.74
exprimer	93016	13107	7	4	2.06
obscurit	93016	13107	9	4	1.63
social	93016	13107	18	4	0.84
with	93016	13107	16	4	0.94
manifeste	93016	13107	8	4	1.82
vers	93016	13107	66	4	-1.64
ris	93016	13107	10	4	1.48
invitation	93016	13107	5	4	2.77
effet	93016	13107	73	4	-1.92
pourtant	93016	13107	31	4	0.69
fois	93016	13107	47	4	-0.99
perte	93016	13107	10	4	1.48
vouloir	93016	13107	11	4	1.35
confort	93016	13107	14	4	1.06
joie	93016	13107	22	4	0.73
commentaires	93016	13107	30	4	0.68
motivation	93016	13107	30	4	0.68
porte	93016	13107	20	4	0.77
horizon	93016	13107	14	4	1.06
nos	93016	13107	104	4	-3.34
retrouver	93016	13107	6	4	2.36
terme	93016	13107	27	4	0.68
afin	93016	13107	31	4	0.69
ouvrage	93016	13107	11	4	1.35
propre	93016	13107	25	4	0.69
soit	93016	13107	52	4	-1.14
cl	93016	13107	12	4	1.24
voil	93016	13107	17	4	0.89
trouve	93016	13107	18	4	0.84
yeux	93016	13107	13	4	1.14
doit	93016	13107	29	4	0.68
faites	93016	13107	10	4	1.48
conseils	93016	13107	15	4	0.99
humain	93016	13107	38	4	-0.78
parce	93016	13107	55	4	-1.24
limite	93016	13107	8	4	1.82
usage	93016	13107	9	4	1.63
produit	93016	13107	17	4	0.89
vu	93016	13107	16	4	0.94
signification	93016	13107	18	4	0.84
alit	93016	13107	36	4	-0.74
sociale	93016	13107	26	4	0.68
per	93016	13107	24	4	0.70
parfois	93016	13107	38	4	-0.78
survie	93016	13107	12	4	1.24
lequel	93016	13107	24	4	0.70
lors	93016	13107	28	4	0.68
abandonnez	93016	13107	5	4	2.77
perdez	93016	13107	3	4	-0.96
beaucoup	93016	13107	23	4	0.71
trop	93016	13107	26	4	0.68
enseignements	93016	13107	7	4	2.06
avant	93016	13107	27	4	0.68
envisager	93016	13107	16	4	0.94
graines	93016	13107	2	4	-5.45
transactionnelle	93016	13107	24	4	0.70
comportement	93016	13107	10	4	1.48
comportementale	93016	13107	16	4	0.94
f	93016	13107	58	4	-1.34
dewey	93016	13107	59	4	-1.37
cas	93016	13107	43	4	-0.89
celle	93016	13107	43	4	-0.89
lev	93016	13107	10	4	1.48
points	93016	13107	14	4	1.06
sence	93016	13107	19	4	0.81
sente	93016	13107	29	4	0.68
repose	93016	13107	17	4	0.89
ton	93016	13107	14	4	1.06
christ	93016	13107	23	4	0.71
partager	93016	13107	25	4	0.69
chiel	93016	13107	10	4	1.48
vont	93016	13107	17	4	0.89
babylone	93016	13107	12	4	1.24
max	93016	13107	28	4	0.68
ok	93016	13107	12	4	1.24
jeune	93016	13107	15	4	0.99
travail	93016	13107	37	4	-0.76
qvt	93016	13107	4	4	3.40
entreprises	93016	13107	4	4	3.40
texte	93016	13107	22	4	0.73
gral	93016	13107	6	4	2.36
canc	93016	13107	30	4	0.68
rologie	93016	13107	20	4	0.77
produire	93016	13107	8	4	1.82
rapeutiques	93016	13107	25	4	0.69
justifier	93016	13107	9	4	1.63
mobilisation	93016	13107	5	4	2.77
patients	93016	13107	61	4	-1.45
malades	93016	13107	50	4	-1.08
vis	93016	13107	23	4	0.71
nouvel	93016	13107	8	4	1.82
malade	93016	13107	23	4	0.71
gestion	93016	13107	9	4	1.63
plac	93016	13107	12	4	1.24
benjamin	93016	13107	10	4	1.48
bonheur	93016	13107	46	4	-0.96
cancer	93016	13107	51	4	-1.11
juif	93016	13107	7	4	2.06
existe	93016	13107	26	3	0.66
anticipation	93016	13107	24	3	0.63
positive	93016	13107	40	3	-1.00
cognitif	93016	13107	11	3	0.86
pourrait	93016	13107	38	3	-0.94
but	93016	13107	56	3	-1.61
accueil	93016	13107	19	3	0.62
seule	93016	13107	15	3	0.69
puissante	93016	13107	8	3	1.13
montrent	93016	13107	11	3	0.86
principaux	93016	13107	4	3	2.02
renfor	93016	13107	8	3	1.13
croissance	93016	13107	6	3	1.45
mettent	93016	13107	13	3	0.76
attentes	93016	13107	31	3	-0.75
sant	93016	13107	51	3	-1.40
activement	93016	13107	7	3	1.27
nouvelles	93016	13107	13	3	0.76
spirituelle	93016	13107	12	3	0.80
velopper	93016	13107	9	3	1.02
passion	93016	13107	17	3	0.64
titre	93016	13107	13	3	0.76
distinguer	93016	13107	6	3	1.45
illusion	93016	13107	14	3	0.72
mal	93016	13107	39	3	-0.97
all	93016	13107	14	3	0.72
sous	93016	13107	27	3	0.67
sociologie	93016	13107	6	3	1.45
gorie	93016	13107	5	3	1.69
elpis	93016	13107	12	3	0.80
tique	93016	13107	11	3	0.86
artistes	93016	13107	7	3	1.27
oeuvres	93016	13107	33	3	-0.80
milieu	93016	13107	14	3	0.72
montre	93016	13107	19	3	0.62
symbole	93016	13107	3	3	2.55
raison	93016	13107	44	3	-1.14
philosophique	93016	13107	25	3	0.64
infini	93016	13107	17	3	0.64
homme	93016	13107	55	3	-1.56
peuvent	93016	13107	69	3	-2.19
justice	93016	13107	7	3	1.27
paix	93016	13107	20	3	0.62
concr	93016	13107	17	3	0.64
laquelle	93016	13107	29	3	-0.71
juste	93016	13107	17	3	0.64
lutte	93016	13107	21	3	0.62
gu	93016	13107	48	3	-1.28
rir	93016	13107	14	3	0.72
contexte	93016	13107	28	3	-0.69
expression	93016	13107	18	3	0.63
res	93016	13107	47	3	-1.25
tel	93016	13107	13	3	0.76
mauvais	93016	13107	6	3	1.45
chant	93016	13107	4	3	2.02
rent	93016	13107	28	3	-0.69
vrai	93016	13107	15	3	0.69
demande	93016	13107	18	3	0.63
parcours	93016	13107	17	3	0.64
cela	93016	13107	84	3	-2.92
production	93016	13107	9	3	1.02
puisque	93016	13107	6	3	1.45
suppose	93016	13107	9	3	1.02
telle	93016	13107	27	3	0.67
rapport	93016	13107	30	3	-0.73
abord	93016	13107	20	3	0.62
manque	93016	13107	11	3	0.86
crire	93016	13107	9	3	1.02
important	93016	13107	15	3	0.69
acte	93016	13107	11	3	0.86
volont	93016	13107	32	3	-0.77
json	93016	13107	22	3	0.62
oembed	93016	13107	22	3	0.62
forces	93016	13107	14	3	0.72
curit	93016	13107	12	3	0.80
long	93016	13107	21	3	0.62
lien	93016	13107	29	3	-0.71
sc	93016	13107	20	3	0.62
davantage	93016	13107	16	3	0.66
actions	93016	13107	24	3	0.63
lib	93016	13107	20	3	0.62
pouvons	93016	13107	21	3	0.62
ais	93016	13107	34	3	-0.82
chaque	93016	13107	30	3	-0.73
parle	93016	13107	19	3	0.62
domaine	93016	13107	10	3	0.94
clair	93016	13107	7	3	1.27
apprend	93016	13107	4	3	2.02
presque	93016	13107	14	3	0.72
rons	93016	13107	18	3	0.63
pens	93016	13107	58	3	-1.69
avait	93016	13107	41	3	-1.03
philosophes	93016	13107	13	3	0.76
histoire	93016	13107	22	3	0.62
hui	93016	13107	22	3	0.62
demeure	93016	13107	11	3	0.86
passivit	93016	13107	6	3	1.45
ussir	93016	13107	17	3	0.64
individuelle	93016	13107	17	3	0.64
meilleur	93016	13107	33	3	-0.80
cons	93016	13107	21	3	0.62
accro	93016	13107	4	3	2.02
pri	93016	13107	11	3	0.86
coeur	93016	13107	48	3	-1.28
condition	93016	13107	24	3	0.63
sait	93016	13107	16	3	0.66
compte	93016	13107	29	3	-0.71
certains	93016	13107	41	3	-1.03
grande	93016	13107	26	3	0.66
parmi	93016	13107	16	3	0.66
promesse	93016	13107	15	3	0.69
vise	93016	13107	9	3	1.02
toute	93016	13107	70	3	-2.24
redonne	93016	13107	4	3	2.02
maintenir	93016	13107	7	3	1.27
mie	93016	13107	17	3	0.64
relation	93016	13107	26	3	0.66
souligne	93016	13107	18	3	0.63
aspirations	93016	13107	15	3	0.69
embl	93016	13107	10	3	0.94
matiques	93016	13107	8	3	1.13
camus	93016	13107	10	3	0.94
sillusion	93016	13107	13	3	0.76
unique	93016	13107	7	3	1.27
risque	93016	13107	24	3	0.63
agir	93016	13107	32	3	-0.77
pense	93016	13107	22	3	0.62
meilleure	93016	13107	20	3	0.62
rien	93016	13107	34	3	-0.82
abandonner	93016	13107	5	3	1.69
coran	93016	13107	13	3	0.76
allah	93016	13107	31	3	-0.75
restaurer	93016	13107	4	3	2.02
mis	93016	13107	43	3	-1.10
ricorde	93016	13107	18	3	0.63
tard	93016	13107	11	3	0.86
lumi	93016	13107	25	3	0.64
fini	93016	13107	12	3	0.80
lorsqu	93016	13107	32	3	-0.77
situations	93016	13107	31	3	-0.75
ouvre	93016	13107	10	3	0.94
mes	93016	13107	72	3	-2.33
av	93016	13107	11	3	0.86
fondements	93016	13107	3	3	2.55
rationnelle	93016	13107	17	3	0.64
processuelle	93016	13107	4	3	2.02
vecteur	93016	13107	6	3	1.45
john	93016	13107	27	3	0.67
donn	93016	13107	26	3	0.66
dispositionnel	93016	13107	3	3	2.55
op	93016	13107	29	3	-0.71
haut	93016	13107	14	3	0.72
ralement	93016	13107	9	3	1.02
donnant	93016	13107	7	3	1.27
ensuite	93016	13107	6	3	1.45
corr	93016	13107	6	3	1.45
lation	93016	13107	9	3	1.02
culturelle	93016	13107	4	3	2.02
auteurs	93016	13107	19	3	0.62
faibles	93016	13107	7	3	1.27
port	93016	13107	21	3	0.62
moduler	93016	13107	3	3	2.55
ajuster	93016	13107	3	3	2.55
sultat	93016	13107	14	3	0.72
tagged	93016	13107	13	3	0.76
ta	93016	13107	12	3	0.80
peux	93016	13107	11	3	0.86
visent	93016	13107	3	3	2.55
atteint	93016	13107	9	3	1.02
susceptible	93016	13107	26	3	0.66
vague	93016	13107	8	3	1.13
mur	93016	13107	8	3	1.13
pisode	93016	13107	4	3	2.02
podcast	93016	13107	4	3	2.02
peuple	93016	13107	27	3	0.67
libert	93016	13107	11	3	0.86
oit	93016	13107	5	3	1.69
irr	93016	13107	23	3	0.62
nom	93016	13107	16	3	0.66
fonde	93016	13107	8	3	1.13
passer	93016	13107	26	3	0.66
inesp	93016	13107	10	3	0.94
partir	93016	13107	14	2	0.53
possibilit	93016	13107	28	2	-0.84
vitale	93016	13107	8	2	0.65
dynamique	93016	13107	12	2	0.54
buts	93016	13107	41	2	-1.36
penser	93016	13107	25	2	-0.74
uncategorizedl	93016	13107	2	2	1.70
dons	93016	13107	6	2	0.79
divins	93016	13107	3	2	1.29
difficiles	93016	13107	18	2	0.57
phare	93016	13107	4	2	1.06
malala	93016	13107	2	2	1.70
yousafzai	93016	13107	2	2	1.70
branlable	93016	13107	7	2	0.71
opportunit	93016	13107	7	2	0.71
riode	93016	13107	16	2	0.55
bouleversements	93016	13107	3	2	1.29
motionnels	93016	13107	3	2	1.29
procure	93016	13107	4	2	1.06
motionnelle	93016	13107	17	2	0.56
avantages	93016	13107	4	2	1.06
empreint	93016	13107	2	2	1.70
responsabilise	93016	13107	2	2	1.70
diverses	93016	13107	6	2	0.79
impliquant	93016	13107	3	2	1.29
fixation	93016	13107	4	2	1.06
gatives	93016	13107	13	2	0.54
ologie	93016	13107	8	2	0.65
valorise	93016	13107	3	2	1.29
autonomie	93016	13107	15	2	0.54
servi	93016	13107	2	2	1.70
ressource	93016	13107	12	2	0.54
prospective	93016	13107	2	2	1.70
soufi	93016	13107	4	2	1.06
soufisme	93016	13107	4	2	1.06
ch	93016	13107	25	2	-0.74
coulent	93016	13107	2	2	1.70
raja	93016	13107	18	2	0.57
assistance	93016	13107	5	2	0.90
cerveau	93016	13107	11	2	0.56
significatifs	93016	13107	4	2	1.06
brales	93016	13107	2	2	1.70
fonctions	93016	13107	2	2	1.70
cognitives	93016	13107	7	2	0.71
cardiovasculaire	93016	13107	4	2	1.06
interventions	93016	13107	3	2	1.29
chirurgicales	93016	13107	2	2	1.70
globalement	93016	13107	2	2	1.70
contribue	93016	13107	2	2	1.70
fonction	93016	13107	15	2	0.54
immunitaire	93016	13107	4	2	1.06
longtemps	93016	13107	18	2	0.57
longue	93016	13107	9	2	0.61
facteur	93016	13107	8	2	0.65
protection	93016	13107	5	2	0.90
circonstances	93016	13107	16	2	0.55
bienveillance	93016	13107	4	2	1.06
profonds	93016	13107	6	2	0.79
impacts	93016	13107	2	2	1.70
quation	93016	13107	5	2	0.90
offrant	93016	13107	11	2	0.56
cheminement	93016	13107	4	2	1.06
faisant	93016	13107	13	2	0.54
transcendant	93016	13107	2	2	1.70
fronti	93016	13107	5	2	0.90
interconnect	93016	13107	2	2	1.70
merge	93016	13107	2	2	1.70
transformatrice	93016	13107	5	2	0.90
pression	93016	13107	19	2	0.59
tactique	93016	13107	2	2	1.70
quilibre	93016	13107	7	2	0.71
voire	93016	13107	19	2	0.59
identifie	93016	13107	6	2	0.79
survivre	93016	13107	3	2	1.29
ernst	93016	13107	7	2	0.71
bloch	93016	13107	8	2	0.65
tableaux	93016	13107	3	2	1.29
termin	93016	13107	14	2	0.53
cat	93016	13107	11	2	0.56
ois	93016	13107	2	2	1.70
tudes	93016	13107	13	2	0.54
contemporain	93016	13107	5	2	0.90
arts	93016	13107	6	2	0.79
concerne	93016	13107	10	2	0.58
religieuses	93016	13107	8	2	0.65
manifestation	93016	13107	3	2	1.29
conna	93016	13107	9	2	0.61
dialectique	93016	13107	4	2	1.06
personnels	93016	13107	13	2	0.54
connu	93016	13107	2	2	1.70
retour	93016	13107	10	2	0.58
importante	93016	13107	15	2	0.54
romantique	93016	13107	2	2	1.70
future	93016	13107	7	2	0.71
minent	93016	13107	4	2	1.06
philosophe	93016	13107	18	2	0.57
refl	93016	13107	11	2	0.56
renforce	93016	13107	10	2	0.58
kahlo	93016	13107	9	2	0.61
parfait	93016	13107	4	2	1.06
collectif	93016	13107	14	2	0.53
souffrance	93016	13107	26	2	-0.77
compr	93016	13107	9	2	0.61
hension	93016	13107	14	2	0.53
telles	93016	13107	16	2	0.55
mergence	93016	13107	6	2	0.79
article	93016	13107	73	2	-2.97
attache	93016	13107	2	2	1.70
analyser	93016	13107	6	2	0.79
laisse	93016	13107	9	2	0.61
fin	93016	13107	37	2	-1.19
ailleurs	93016	13107	19	2	0.59
ambigu	93016	13107	9	2	0.61
temporel	93016	13107	9	2	0.61
rejoint	93016	13107	8	2	0.65
supposant	93016	13107	3	2	1.29
rieur	93016	13107	11	2	0.56
position	93016	13107	10	2	0.58
occasions	93016	13107	3	2	1.29
ci	93016	13107	35	2	-1.10
fuit	93016	13107	2	2	1.70
oppose	93016	13107	6	2	0.79
restriction	93016	13107	2	2	1.70
color	93016	13107	1	2	-2.97
entach	93016	13107	2	2	1.70
syntagme	93016	13107	2	2	1.70
auquel	93016	13107	8	2	0.65
final	93016	13107	5	2	0.90
exemple	93016	13107	58	2	-2.18
fondamentalement	93016	13107	2	2	1.70
amir	93016	13107	3	2	1.29
biglari	93016	13107	8	2	0.65
fixer	93016	13107	5	2	0.90
surmonter	93016	13107	28	2	-0.84
nourrissent	93016	13107	4	2	1.06
science	93016	13107	23	2	-0.68
degr	93016	13107	9	2	0.61
ingr	93016	13107	2	2	1.70
toi	93016	13107	10	2	0.58
courage	93016	13107	17	2	0.56
barom	93016	13107	3	2	1.29
sources	93016	13107	5	2	0.90
valeurs	93016	13107	25	2	-0.74
facteurs	93016	13107	12	2	0.54
augment	93016	13107	5	2	0.90
puisse	93016	13107	10	2	0.58
redonner	93016	13107	3	2	1.29
communaut	93016	13107	12	2	0.54
simple	93016	13107	19	2	0.59
secret	93016	13107	2	2	1.70
the	93016	13107	39	2	-1.27
ons	93016	13107	14	2	0.53
instant	93016	13107	7	2	0.71
auteur	93016	13107	15	2	0.54
importe	93016	13107	11	2	0.56
mati	93016	13107	16	2	0.55
gens	93016	13107	22	2	-0.66
entrent	93016	13107	2	2	1.70
jeu	93016	13107	6	2	0.79
jour	93016	13107	56	2	-2.08
aujourd	93016	13107	22	2	-0.66
refuser	93016	13107	3	2	1.29
soulignait	93016	13107	2	2	1.70
mouvement	93016	13107	14	2	0.53
mobilise	93016	13107	7	2	0.71
inversement	93016	13107	3	2	1.29
ait	93016	13107	13	2	0.54
sera	93016	13107	38	2	-1.23
soi	93016	13107	18	2	0.57
collective	93016	13107	8	2	0.65
futur	93016	13107	29	2	-0.87
ensemble	93016	13107	16	2	0.55
manquer	93016	13107	3	2	1.29
recherche	93016	13107	105	2	-4.76
remarquez	93016	13107	2	2	1.70
chissez	93016	13107	2	2	1.70
plein	93016	13107	16	2	0.55
voulez	93016	13107	5	2	0.90
simplement	93016	13107	19	2	0.59
amener	93016	13107	2	2	1.70
passif	93016	13107	4	2	1.06
passe	93016	13107	19	2	0.59
conseil	93016	13107	8	2	0.65
tiens	93016	13107	2	2	1.70
incarn	93016	13107	4	2	1.06
biblique	93016	13107	5	2	0.90
comprend	93016	13107	5	2	0.90
attitude	93016	13107	29	2	-0.87
chevill	93016	13107	2	2	1.70
meilleurs	93016	13107	12	2	0.54
serait	93016	13107	26	2	-0.77
plut	93016	13107	20	2	0.61
doute	93016	13107	22	2	-0.66
constituer	93016	13107	15	2	0.54
pass	93016	13107	18	2	0.57
questions	93016	13107	15	2	0.54
paradoxe	93016	13107	9	2	0.61
mort	93016	13107	40	2	-1.32
myst	93016	13107	3	2	1.29
conduit	93016	13107	11	2	0.56
irrespirable	93016	13107	2	2	1.70
populaire	93016	13107	9	2	0.61
ologale	93016	13107	6	2	0.79
conduite	93016	13107	9	2	0.61
qava	93016	13107	8	2	0.65
contrairement	93016	13107	8	2	0.65
reposait	93016	13107	2	2	1.70
cles	93016	13107	3	2	1.29
figures	93016	13107	5	2	0.90
hugo	93016	13107	24	2	-0.71
nuanc	93016	13107	2	2	1.70
incarner	93016	13107	6	2	0.79
vision	93016	13107	30	2	-0.91
cadre	93016	13107	10	2	0.58
explor	93016	13107	3	2	1.29
absurde	93016	13107	8	2	0.65
besoin	93016	13107	25	2	-0.74
aise	93016	13107	24	2	-0.71
espoirs	93016	13107	89	2	-3.85
alain	93016	13107	5	2	0.90
rey	93016	13107	5	2	0.90
tueur	93016	13107	2	2	1.70
nuisible	93016	13107	1	2	-2.97
probl	93016	13107	30	2	-0.91
encha	93016	13107	4	2	1.06
paradis	93016	13107	9	2	0.61
rest	93016	13107	4	2	1.06
meurt	93016	13107	4	2	1.06
alisez	93016	13107	2	2	1.70
ping	93016	13107	3	2	1.29
mettre	93016	13107	30	2	-0.91
pourrais	93016	13107	5	2	0.90
servir	93016	13107	4	2	1.06
image	93016	13107	15	2	0.54
islamiques	93016	13107	3	2	1.29
difficult	93016	13107	44	2	-1.50
rappelle	93016	13107	9	2	0.61
emporte	93016	13107	3	2	1.29
consiste	93016	13107	12	2	0.54
tiser	93016	13107	3	2	1.29
doivent	93016	13107	7	2	0.71
enregistrerenregistrer	93016	13107	2	2	1.70
pend	93016	13107	9	2	0.61
incertains	93016	13107	4	2	1.06
mondial	93016	13107	5	2	0.90
bat	93016	13107	4	2	1.06
tient	93016	13107	15	2	0.54
socle	93016	13107	2	2	1.70
grandir	93016	13107	7	2	0.71
al	93016	13107	28	2	-0.84
vain	93016	13107	5	2	0.90
champ	93016	13107	12	2	0.54
augmenter	93016	13107	2	2	1.70
surtout	93016	13107	16	2	0.55
www	93016	13107	7	2	0.71
com	93016	13107	12	2	0.54
glig	93016	13107	2	2	1.70
psychologiques	93016	13107	14	2	0.53
motivationnelle	93016	13107	11	2	0.56
inscription	93016	13107	2	2	1.70
futurit	93016	13107	9	2	0.61
verrons	93016	13107	8	2	0.65
conde	93016	13107	2	2	1.70
montrons	93016	13107	4	2	1.06
correspond	93016	13107	10	2	0.58
pleeging	93016	13107	5	2	0.90
emp	93016	13107	15	2	0.54
particulier	93016	13107	24	2	-0.71
finit	93016	13107	7	2	0.71
sugg	93016	13107	16	2	0.55
capables	93016	13107	5	2	0.90
pluridisciplinaire	93016	13107	6	2	0.79
comporte	93016	13107	5	2	0.90
individu	93016	13107	38	2	-1.23
proches	93016	13107	9	2	0.61
elles	93016	13107	42	2	-1.41
mesure	93016	13107	24	2	-0.71
vidence	93016	13107	9	2	0.61
renseigne	93016	13107	2	2	1.70
potentiellement	93016	13107	4	2	1.06
finir	93016	13107	18	2	0.57
mobiliser	93016	13107	8	2	0.65
aptitude	93016	13107	4	2	1.06
ultime	93016	13107	3	2	1.29
loin	93016	13107	19	2	0.59
praticable	93016	13107	1	2	-2.97
accessible	93016	13107	3	2	1.29
ind	93016	13107	10	2	0.58
premier	93016	13107	21	2	-0.63
illusoire	93016	13107	7	2	0.71
emmanuel	93016	13107	7	2	0.71
petit	93016	13107	14	2	0.53
fermer	93016	13107	11	2	0.56
porter	93016	13107	9	2	0.61
aupr	93016	13107	7	2	0.71
imagination	93016	13107	20	2	0.61
nourrisez	93016	13107	2	2	1.70
sec	93016	13107	4	2	1.06
craquel	93016	13107	2	2	1.70
fr	93016	13107	21	2	-0.63
home	93016	13107	5	2	0.90
encouragement	93016	13107	7	2	0.71
active	93016	13107	13	2	0.54
rappelant	93016	13107	4	2	1.06
conclusion	93016	13107	6	2	0.79
transformative	93016	13107	2	2	1.70
durable	93016	13107	6	2	0.79
brise	93016	13107	2	2	1.70
romains	93016	13107	15	2	0.54
natures	93016	13107	2	2	1.70
sitant	93016	13107	2	2	1.70
passent	93016	13107	3	2	1.29
revienne	93016	13107	2	2	1.70
where	93016	13107	2	2	1.70
can	93016	13107	3	2	1.29
regarde	93016	13107	4	2	1.06
obtenir	93016	13107	5	2	0.90
petits	93016	13107	8	2	0.65
silence	93016	13107	7	2	0.71
tourmente	93016	13107	2	2	1.70
prot	93016	13107	5	2	0.90
gez	93016	13107	2	2	1.70
ranimons	93016	13107	2	2	1.70
refleurir	93016	13107	2	2	1.70
gis	93016	13107	3	2	1.29
sus	93016	13107	26	2	-0.77
chim	93016	13107	5	2	0.90
rique	93016	13107	6	2	0.79
semer	93016	13107	2	2	1.70
graine	93016	13107	2	2	1.70
descendance	93016	13107	3	2	1.29
encourageante	93016	13107	2	2	1.70
paroles	93016	13107	17	2	0.56
sentit	93016	13107	2	2	1.70
consumant	93016	13107	2	2	1.70
soutenant	93016	13107	3	2	1.29
darius	93016	13107	2	2	1.70
empara	93016	13107	2	2	1.70
crier	93016	13107	2	2	1.70
tels	93016	13107	15	2	0.54
trouvons	93016	13107	3	2	1.29
serons	93016	13107	4	2	1.06
vaincus	93016	13107	3	2	1.29
continuerons	93016	13107	2	2	1.70
avancer	93016	13107	14	2	0.53
cesse	93016	13107	21	2	-0.63
renouvel	93016	13107	3	2	1.29
entrer	93016	13107	9	2	0.61
bac	93016	13107	5	2	0.90
reprend	93016	13107	3	2	1.29
scolaire	93016	13107	5	2	0.90
occupe	93016	13107	2	2	1.70
centrale	93016	13107	6	2	0.79
bons	93016	13107	8	2	0.65
cis	93016	13107	21	2	-0.63
heureux	93016	13107	13	2	0.54
grante	93016	13107	5	2	0.90
rise	93016	13107	6	2	0.79
veulent	93016	13107	6	2	0.79
or	93016	13107	20	2	0.61
parent	93016	13107	3	2	1.29
porteuses	93016	13107	2	2	1.70
sirable	93016	13107	2	2	1.70
serai	93016	13107	4	2	1.06
adolescence	93016	13107	4	2	1.06
composantes	93016	13107	4	2	1.06
ilona	93016	13107	2	2	1.70
boniwell	93016	13107	2	2	1.70
cole	93016	13107	18	2	0.57
inform	93016	13107	4	2	1.06
ves	93016	13107	15	2	0.54
contribuer	93016	13107	5	2	0.90
instaurer	93016	13107	2	2	1.70
contrats	93016	13107	3	2	1.29
organisationnels	93016	13107	2	2	1.70
certitude	93016	13107	17	2	0.56
tremplin	93016	13107	2	2	1.70
rit	93016	13107	31	2	-0.95
humains	93016	13107	24	2	-0.71
preuve	93016	13107	28	2	-0.84
extraordinaire	93016	13107	3	2	1.29
respiration	93016	13107	5	2	0.90
taill	93016	13107	5	2	0.90
remonter	93016	13107	7	2	0.71
alerte	93016	13107	4	2	1.06
bio	93016	13107	10	2	0.58
thique	93016	13107	20	2	0.61
rechute	93016	13107	6	2	0.79
centrales	93016	13107	2	2	1.70
conomies	93016	13107	4	2	1.06
jonction	93016	13107	2	2	1.70
acteurs	93016	13107	10	2	0.58
mues	93016	13107	2	2	1.70
avanc	93016	13107	7	2	0.71
relationnelle	93016	13107	4	2	1.06
ethos	93016	13107	4	2	1.06
rassemble	93016	13107	4	2	1.06
rents	93016	13107	17	2	0.56
con	93016	13107	7	2	0.71
reliant	93016	13107	3	2	1.29
focalise	93016	13107	3	2	1.29
rente	93016	13107	9	2	0.61
matrice	93016	13107	2	2	1.70
termes	93016	13107	14	2	0.53
morale	93016	13107	31	2	-0.95
relations	93016	13107	15	2	0.54
jou	93016	13107	3	2	1.29
enjeu	93016	13107	4	2	1.06
gociations	93016	13107	4	2	1.06
pratique	93016	13107	13	2	0.54
mortelle	93016	13107	2	2	1.70
tirer	93016	13107	4	2	1.06
grignoli	93016	13107	2	2	1.70
chelles	93016	13107	4	2	1.06
recommand	93016	13107	3	2	1.29
franklin	93016	13107	2	2	1.70
oncologie	93016	13107	14	2	0.53
fondent	93016	13107	4	2	1.06
accord	93016	13107	8	2	0.65
facto	93016	13107	2	2	1.70
aliste	93016	13107	18	2	0.57
fiance	93016	13107	5	2	0.90
horng	93016	13107	2	2	1.70
grady	93016	13107	2	2	1.70
participant	93016	13107	3	2	1.29
essais	93016	13107	23	2	-0.68
mod	93016	13107	18	2	0.57
tendance	93016	13107	12	2	0.54
decine	93016	13107	9	2	0.61
patient	93016	13107	41	2	-1.36
delvecchio	93016	13107	8	2	0.65
good	93016	13107	8	2	0.65
roulement	93016	13107	8	2	0.65
offre	93016	13107	15	2	0.54
motifs	93016	13107	3	2	1.29
font	93016	13107	22	2	-0.66
recours	93016	13107	16	2	0.55
suis	93016	13107	36	2	-1.15
prise	93016	13107	18	2	0.57
redonnant	93016	13107	2	2	1.70
plusieurs	93016	13107	24	2	-0.71
vendeur	93016	13107	2	2	1.70
professionnel	93016	13107	7	2	0.71
suscit	93016	13107	3	2	1.29
accroche	93016	13107	4	2	1.06
moindre	93016	13107	5	2	0.90
participation	93016	13107	10	2	0.58
investigateurs	93016	13107	24	2	-0.71
scientifiquement	93016	13107	2	2	1.70
certaines	93016	13107	25	2	-0.74
critiques	93016	13107	5	2	0.90
moyen	93016	13107	21	2	-0.63
incurables	93016	13107	3	2	1.29
ayant	93016	13107	22	2	-0.66
occurrence	93016	13107	12	2	0.54
technologie	93016	13107	11	2	0.56
revert	93016	13107	8	2	0.65
quatre	93016	13107	5	2	0.90
souci	93016	13107	6	2	0.79
investigateur	93016	13107	10	2	0.58
march	93016	13107	4	2	1.06
interpr	93016	13107	12	2	0.54
tation	93016	13107	7	2	0.71
livr	93016	13107	6	2	0.79
provoquer	93016	13107	7	2	0.71
disproportionn	93016	13107	2	2	1.70
proposition	93016	13107	12	2	0.54
veill	93016	13107	5	2	0.90
engendrer	93016	13107	4	2	1.06
charg	93016	13107	9	2	0.61
gitime	93016	13107	7	2	0.71
conditions	93016	13107	15	2	0.54
rimentation	93016	13107	4	2	1.06
tester	93016	13107	3	2	1.29
traduit	93016	13107	13	2	0.54
quant	93016	13107	13	2	0.54
objets	93016	13107	9	2	0.61
go	93016	13107	6	2	0.79
accepter	93016	13107	13	2	0.54
vraie	93016	13107	2	2	1.70
comp	93016	13107	13	2	0.54
tence	93016	13107	7	2	0.71
travailler	93016	13107	9	2	0.61
soignante	93016	13107	3	2	1.29
parler	93016	13107	14	2	0.53
traitement	93016	13107	33	2	-1.02
ni	93016	13107	38	2	-1.23
effectiv	93016	13107	2	2	1.70
lienne	93016	13107	5	2	0.90
couples	93016	13107	2	2	1.70
notionnels	93016	13107	2	2	1.70
raisonn	93016	13107	1	2	-2.97
progressiste	93016	13107	1	2	-2.97
chalier	93016	13107	2	2	1.70
dieux	93016	13107	3	2	1.29
ception	93016	13107	12	2	0.54
infinie	93016	13107	5	2	0.90
alternate	93016	13107	11	2	0.56
revient	93016	13107	4	2	1.06
truire	93016	13107	8	2	0.65
getty	93016	13107	4	2	1.06
temmuzcan	93016	13107	2	2	1.70
raisons	93016	13107	14	2	0.53
objectives	93016	13107	5	2	0.90
aube	93016	13107	2	1	0.62
reconnu	93016	13107	1	1	0.85
moyens	93016	13107	28	1	-1.19
form	93016	13107	4	1	0.45
verbe	93016	13107	7	1	0.40
quelqu	93016	13107	18	1	-0.72
signe	93016	13107	12	1	0.50
affective	93016	13107	8	1	0.41
certes	93016	13107	13	1	0.53
minime	93016	13107	1	1	0.85
subjectif	93016	13107	1	1	0.85
farran	93016	13107	1	1	0.85
herth	93016	13107	1	1	0.85
popovich	93016	13107	1	1	0.85
enfin	93016	13107	16	1	-0.64
supportant	93016	13107	1	1	0.85
ristiques	93016	13107	5	1	0.42
possible	93016	13107	44	1	-2.04
ateurs	93016	13107	1	1	0.85
rena	93016	13107	3	1	0.51
retrouve	93016	13107	11	1	0.47
echelle	93016	13107	1	1	0.85
sympson	93016	13107	1	1	0.85
ybasco	93016	13107	1	1	0.85
groopman	93016	13107	4	1	0.45
laforce	93016	13107	1	1	0.85
janvier	93016	13107	5	1	0.42
articles	93016	13107	12	1	0.50
homonymes	93016	13107	1	1	0.85
lueur	93016	13107	1	1	0.85
photographie	93016	13107	1	1	0.85
disposition	93016	13107	12	1	0.50
oppos	93016	13107	5	1	0.42
conserver	93016	13107	4	1	0.45
opposer	93016	13107	2	1	0.62
diction	93016	13107	5	1	0.42
chit	93016	13107	2	1	0.62
biais	93016	13107	10	1	0.44
expressions	93016	13107	1	1	0.85
mourir	93016	13107	9	1	0.42
soldats	93016	13107	1	1	0.85
allemand	93016	13107	6	1	0.40
consacre	93016	13107	4	1	0.45
tudie	93016	13107	1	1	0.85
conjointement	93016	13107	2	1	0.62
raisonnable	93016	13107	5	1	0.42
sentations	93016	13107	8	1	0.41
goriques	93016	13107	1	1	0.85
tableau	93016	13107	3	1	0.51
gorique	93016	13107	2	1	0.62
roman	93016	13107	3	1	0.51
consacr	93016	13107	5	1	0.42
vrin	93016	13107	1	1	0.85
presses	93016	13107	13	1	0.53
universitaires	93016	13107	14	1	-0.56
france	93016	13107	16	1	-0.64
claude	93016	13107	4	1	0.45
giraud	93016	13107	3	1	0.51
van	93016	13107	2	1	0.62
menxel	93016	13107	1	1	0.85
mantiques	93016	13107	1	1	0.85
dinard	93016	13107	3	1	0.51
palais	93016	13107	2	1	0.62
salve	93016	13107	1	1	0.85
anthologie	93016	13107	1	1	0.85
cha	93016	13107	1	1	0.85
wikimedia	93016	13107	2	1	0.62
commons	93016	13107	20	1	-0.80
wiktionnaire	93016	13107	1	1	0.85
wikiquote	93016	13107	1	1	0.85
org	93016	13107	18	1	-0.72
w	93016	13107	14	1	-0.56
index	93016	13107	3	1	0.51
php	93016	13107	1	1	0.85
title	93016	13107	1	1	0.85
oldid	93016	13107	1	1	0.85
concepts	93016	13107	18	1	-0.72
collectives	93016	13107	3	1	0.51
captur	93016	13107	1	1	0.85
matis	93016	13107	1	1	0.85
sentaient	93016	13107	1	1	0.85
vue	93016	13107	25	1	-1.04
fromm	93016	13107	2	1	0.62
soutient	93016	13107	2	1	0.62
apocalypses	93016	13107	1	1	0.85
gauche	93016	13107	1	1	0.85
triptyque	93016	13107	1	1	0.85
tension	93016	13107	8	1	0.41
pravation	93016	13107	1	1	0.85
kierkegaard	93016	13107	3	1	0.51
postule	93016	13107	1	1	0.85
saut	93016	13107	1	1	0.85
bosch	93016	13107	8	1	0.41
parvient	93016	13107	2	1	0.62
passement	93016	13107	1	1	0.85
tedeschi	93016	13107	1	1	0.85
lawrence	93016	13107	1	1	0.85
calhoun	93016	13107	1	1	0.85
jouer	93016	13107	8	1	0.41
douleur	93016	13107	13	1	0.53
obstacles	93016	13107	15	1	-0.60
sociaux	93016	13107	17	1	-0.68
goya	93016	13107	8	1	0.41
el	93016	13107	18	1	-0.72
sue	93016	13107	1	1	0.85
madrid	93016	13107	2	1	0.62
chaos	93016	13107	2	1	0.62
sentait	93016	13107	1	1	0.85
spirituel	93016	13107	5	1	0.42
environnements	93016	13107	3	1	0.51
naturels	93016	13107	2	1	0.62
offrir	93016	13107	13	1	0.53
renouveau	93016	13107	5	1	0.42
trouv	93016	13107	11	1	0.47
romantisme	93016	13107	6	1	0.40
guerre	93016	13107	14	1	-0.56
compassion	93016	13107	9	1	0.42
kollwitz	93016	13107	9	1	0.42
parlait	93016	13107	1	1	0.85
tent	93016	13107	7	1	0.40
aspect	93016	13107	11	1	0.47
traverse	93016	13107	4	1	0.45
folkman	93016	13107	1	1	0.85
richard	93016	13107	6	1	0.40
lazarus	93016	13107	1	1	0.85
acceptation	93016	13107	5	1	0.42
expriment	93016	13107	2	1	0.62
oeuvre	93016	13107	26	1	-1.09
totalit	93016	13107	3	1	0.51
subtil	93016	13107	1	1	0.85
girl	93016	13107	2	1	0.62
balloon	93016	13107	2	1	0.62
pont	93016	13107	2	1	0.62
visuels	93016	13107	1	1	0.85
rentes	93016	13107	15	1	-0.60
sombres	93016	13107	5	1	0.42
motif	93016	13107	2	1	0.62
travaux	93016	13107	21	1	-0.85
masculins	93016	13107	1	1	0.85
homenum	93016	13107	1	1	0.85
ros	93016	13107	4	1	0.45
dossier	93016	13107	2	1	0.62
applicationsl	93016	13107	1	1	0.85
propri	93016	13107	3	1	0.51
savoir	93016	13107	36	1	-1.60
principal	93016	13107	11	1	0.47
contradictoire	93016	13107	1	1	0.85
affirme	93016	13107	11	1	0.47
local	93016	13107	3	1	0.51
relevant	93016	13107	1	1	0.85
instabilit	93016	13107	2	1	0.62
absentes	93016	13107	1	1	0.85
bute	93016	13107	1	1	0.85
adress	93016	13107	4	1	0.45
exprim	93016	13107	5	1	0.42
malheurs	93016	13107	1	1	0.85
sespoirs	93016	13107	1	1	0.85
chanter	93016	13107	2	1	0.62
collectivit	93016	13107	2	1	0.62
hugolien	93016	13107	2	1	0.62
allons	93016	13107	4	1	0.45
tudier	93016	13107	3	1	0.51
posture	93016	13107	5	1	0.42
finale	93016	13107	5	1	0.42
remplace	93016	13107	1	1	0.85
annul	93016	13107	1	1	0.85
retourn	93016	13107	2	1	0.62
initiale	93016	13107	4	1	0.45
ture	93016	13107	2	1	0.62
mantique	93016	13107	4	1	0.45
initial	93016	13107	2	1	0.62
suppos	93016	13107	2	1	0.62
investi	93016	13107	1	1	0.85
revanche	93016	13107	8	1	0.41
haine	93016	13107	6	1	0.40
affaire	93016	13107	4	1	0.45
renciatrices	93016	13107	1	1	0.85
imposerait	93016	13107	2	1	0.62
manife	93016	13107	1	1	0.85
cit	93016	13107	14	1	-0.56
recueil	93016	13107	16	1	-0.64
apparition	93016	13107	4	1	0.45
apparemment	93016	13107	5	1	0.42
ren	93016	13107	4	1	0.45
premi	93016	13107	26	1	-1.09
auroux	93016	13107	1	1	0.85
sylvain	93016	13107	1	1	0.85
attend	93016	13107	11	1	0.47
conjonction	93016	13107	2	1	0.62
opposition	93016	13107	2	1	0.62
passions	93016	13107	7	1	0.40
genres	93016	13107	1	1	0.85
excite	93016	13107	3	1	0.51
manifest	93016	13107	5	1	0.42
mentale	93016	13107	13	1	0.53
impuissance	93016	13107	8	1	0.41
apprise	93016	13107	2	1	0.62
essentielles	93016	13107	5	1	0.42
situe	93016	13107	5	1	0.42
issue	93016	13107	29	1	-1.24
che	93016	13107	19	1	-0.76
dient	93016	13107	1	1	0.85
combin	93016	13107	1	1	0.85
arrivera	93016	13107	3	1	0.51
procurant	93016	13107	1	1	0.85
souviens	93016	13107	2	1	0.62
arme	93016	13107	1	1	0.85
formidable	93016	13107	1	1	0.85
puissent	93016	13107	3	1	0.51
apprendrez	93016	13107	2	1	0.62
facile	93016	13107	10	1	0.44
assombrit	93016	13107	1	1	0.85
exactement	93016	13107	6	1	0.40
financi	93016	13107	3	1	0.51
propres	93016	13107	15	1	-0.60
seront	93016	13107	8	1	0.41
satisfaites	93016	13107	1	1	0.85
suisse	93016	13107	1	1	0.85
taux	93016	13107	4	1	0.45
personnel	93016	13107	22	1	-0.89
essentiels	93016	13107	6	1	0.40
majoritairement	93016	13107	1	1	0.85
mentionn	93016	13107	2	1	0.62
positif	93016	13107	20	1	-0.80
nario	93016	13107	7	1	0.40
diminu	93016	13107	2	1	0.62
individuel	93016	13107	12	1	0.50
influence	93016	13107	13	1	0.53
parapluie	93016	13107	1	1	0.85
invisible	93016	13107	2	1	0.62
ployer	93016	13107	1	1	0.85
devrions	93016	13107	4	1	0.45
reprendre	93016	13107	7	1	0.40
personnes	93016	13107	53	1	-2.56
croire	93016	13107	22	1	-0.89
div	93016	13107	1	1	0.85
wikipedia	93016	13107	2	1	0.62
naitre	93016	13107	1	1	0.85
dictionnaire	93016	13107	2	1	0.62
rapidement	93016	13107	8	1	0.41
page	93016	13107	36	1	-1.60
transpire	93016	13107	1	1	0.85
talent	93016	13107	2	1	0.62
original	93016	13107	5	1	0.42
world	93016	13107	4	1	0.45
faisons	93016	13107	9	1	0.42
contagieux	93016	13107	1	1	0.85
er	93016	13107	14	1	-0.56
croyances	93016	13107	12	1	0.50
tenter	93016	13107	6	1	0.40
fortement	93016	13107	9	1	0.42
cycle	93016	13107	4	1	0.45
cro	93016	13107	1	1	0.85
jusqu	93016	13107	20	1	-0.80
frappantes	93016	13107	1	1	0.85
optimistes	93016	13107	16	1	-0.64
communiquent	93016	13107	1	1	0.85
experts	93016	13107	4	1	0.45
succ	93016	13107	14	1	-0.56
tristesse	93016	13107	10	1	0.44
rem	93016	13107	5	1	0.42
invite	93016	13107	7	1	0.40
tellement	93016	13107	4	1	0.45
base	93016	13107	10	1	0.44
am	93016	13107	52	1	-2.50
liorer	93016	13107	18	1	-0.72
rendez	93016	13107	5	1	0.42
sastre	93016	13107	2	1	0.62
permis	93016	13107	4	1	0.45
ur	93016	13107	1	1	0.85
nojs	93016	13107	2	1	0.62
refresh	93016	13107	3	1	0.51
fille	93016	13107	5	1	0.42
relancer	93016	13107	1	1	0.85
pouss	93016	13107	5	1	0.42
br	93016	13107	6	1	0.40
bouchant	93016	13107	1	1	0.85
entrav	93016	13107	1	1	0.85
vet	93016	13107	4	1	0.45
contagion	93016	13107	1	1	0.85
impulser	93016	13107	1	1	0.85
envisageaient	93016	13107	1	1	0.85
pure	93016	13107	1	1	0.85
rendrait	93016	13107	2	1	0.62
barbare	93016	13107	1	1	0.85
battu	93016	13107	2	1	0.62
ficit	93016	13107	1	1	0.85
vit	93016	13107	11	1	0.47
malmen	93016	13107	2	1	0.62
associer	93016	13107	4	1	0.45
associe	93016	13107	2	1	0.62
engagement	93016	13107	8	1	0.41
sarm	93016	13107	1	1	0.85
commenc	93016	13107	2	1	0.62
suivie	93016	13107	1	1	0.85
lisle	93016	13107	8	1	0.41
cultive	93016	13107	1	1	0.85
sociologue	93016	13107	7	1	0.40
consommer	93016	13107	2	1	0.62
individuellement	93016	13107	1	1	0.85
chacun	93016	13107	20	1	-0.80
finalement	93016	13107	15	1	-0.60
chelle	93016	13107	5	1	0.42
mortif	93016	13107	2	1	0.62
sembler	93016	13107	3	1	0.51
sentir	93016	13107	9	1	0.42
choses	93016	13107	53	1	-2.56
x	93016	13107	18	1	-0.72
pourriez	93016	13107	4	1	0.45
atteindre	93016	13107	62	1	-3.08
soudain	93016	13107	1	1	0.85
teindre	93016	13107	2	1	0.62
exercer	93016	13107	2	1	0.62
fondez	93016	13107	1	1	0.85
vos	93016	13107	45	1	-2.10
mobilisant	93016	13107	2	1	0.62
couvert	93016	13107	2	1	0.62
ax	93016	13107	2	1	0.62
utilisons	93016	13107	3	1	0.51
actif	93016	13107	14	1	-0.56
fleurit	93016	13107	1	1	0.85
entourons	93016	13107	1	1	0.85
puisez	93016	13107	1	1	0.85
puisons	93016	13107	1	1	0.85
trouvez	93016	13107	3	1	0.51
ouvrir	93016	13107	10	1	0.44
passages	93016	13107	2	1	0.62
couvrirez	93016	13107	1	1	0.85
disons	93016	13107	2	1	0.62
appartient	93016	13107	4	1	0.45
revenant	93016	13107	3	1	0.51
indissolublement	93016	13107	1	1	0.85
facilement	93016	13107	3	1	0.51
radieux	93016	13107	4	1	0.45
caressons	93016	13107	1	1	0.85
arr	93016	13107	20	1	-0.80
tons	93016	13107	1	1	0.85
pratiquement	93016	13107	3	1	0.51
jours	93016	13107	13	1	0.53
devoir	93016	13107	3	1	0.51
premiers	93016	13107	7	1	0.40
tes	93016	13107	48	1	-2.27
grecs	93016	13107	2	1	0.62
identifi	93016	13107	6	1	0.40
saurait	93016	13107	2	1	0.62
alibi	93016	13107	2	1	0.62
ognis	93016	13107	1	1	0.85
distingue	93016	13107	5	1	0.42
pieux	93016	13107	3	1	0.51
pindare	93016	13107	1	1	0.85
fera	93016	13107	10	1	0.44
rateur	93016	13107	2	1	0.62
eschyle	93016	13107	1	1	0.85
retenons	93016	13107	1	1	0.85
ambivalence	93016	13107	3	1	0.51
inscrit	93016	13107	6	1	0.40
incontournables	93016	13107	1	1	0.85
fondamentale	93016	13107	7	1	0.40
reconna	93016	13107	15	1	-0.60
consacrer	93016	13107	2	1	0.62
paragraphe	93016	13107	1	1	0.85
aurais	93016	13107	3	1	0.51
parl	93016	13107	3	1	0.51
marxiste	93016	13107	3	1	0.51
millions	93016	13107	1	1	0.85
crise	93016	13107	9	1	0.42
nombre	93016	13107	12	1	0.50
croissant	93016	13107	2	1	0.62
rieusement	93016	13107	3	1	0.51
temporelle	93016	13107	2	1	0.62
malraux	93016	13107	4	1	0.45
reconnaissait	93016	13107	1	1	0.85
proverbe	93016	13107	3	1	0.51
absolument	93016	13107	6	1	0.40
vital	93016	13107	4	1	0.45
transfigurer	93016	13107	1	1	0.85
vice	93016	13107	3	1	0.51
immanente	93016	13107	2	1	0.62
yachal	93016	13107	7	1	0.40
offrent	93016	13107	5	1	0.42
transmet	93016	13107	3	1	0.51
nergie	93016	13107	15	1	-0.60
ruines	93016	13107	1	1	0.85
rusalem	93016	13107	7	1	0.40
moderne	93016	13107	8	1	0.41
contextes	93016	13107	2	1	0.62
culturels	93016	13107	2	1	0.62
isra	93016	13107	8	1	0.41
enracin	93016	13107	8	1	0.41
exode	93016	13107	1	1	0.85
babylonien	93016	13107	1	1	0.85
rait	93016	13107	3	1	0.51
incertain	93016	13107	11	1	0.47
testament	93016	13107	4	1	0.45
relationnel	93016	13107	2	1	0.62
auto	93016	13107	3	1	0.51
sauv	93016	13107	4	1	0.45
maintenant	93016	13107	14	1	-0.56
exaltation	93016	13107	2	1	0.62
crivains	93016	13107	4	1	0.45
naturalisme	93016	13107	4	1	0.45
envers	93016	13107	6	1	0.40
raire	93016	13107	7	1	0.40
propose	93016	13107	11	1	0.47
peste	93016	13107	1	1	0.85
universel	93016	13107	4	1	0.45
preuves	93016	13107	16	1	-0.64
fut	93016	13107	3	1	0.51
rousseau	93016	13107	2	1	0.62
pouvait	93016	13107	9	1	0.42
catalyser	93016	13107	1	1	0.85
tournure	93016	13107	1	1	0.85
introspective	93016	13107	1	1	0.85
illustre	93016	13107	7	1	0.40
moignant	93016	13107	2	1	0.62
constant	93016	13107	2	1	0.62
modernes	93016	13107	4	1	0.45
illustr	93016	13107	1	1	0.85
entrem	93016	13107	2	1	0.62
canaliser	93016	13107	3	1	0.51
jacent	93016	13107	1	1	0.85
reporters	93016	13107	11	1	0.47
constamment	93016	13107	3	1	0.51
shumanisation	93016	13107	1	1	0.85
teint	93016	13107	2	1	0.62
luit	93016	13107	1	1	0.85
brin	93016	13107	1	1	0.85
verlaine	93016	13107	1	1	0.85
moigne	93016	13107	4	1	0.45
surgit	93016	13107	2	1	0.62
extraordinairement	93016	13107	1	1	0.85
publi	93016	13107	8	1	0.41
orion	93016	13107	1	1	0.85
oubliez	93016	13107	1	1	0.85
couverte	93016	13107	7	1	0.40
bonne	93016	13107	25	1	-1.04
maintient	93016	13107	3	1	0.51
soudainement	93016	13107	1	1	0.85
tous	93016	13107	67	1	-3.38
enseign	93016	13107	1	1	0.85
gende	93016	13107	2	1	0.62
infortune	93016	13107	2	1	0.62
comprends	93016	13107	2	1	0.62
alise	93016	13107	1	1	0.85
distant	93016	13107	1	1	0.85
admirable	93016	13107	2	1	0.62
dicton	93016	13107	2	1	0.62
bouddhiste	93016	13107	3	1	0.51
loigne	93016	13107	4	1	0.45
croiriez	93016	13107	2	1	0.62
lecteurs	93016	13107	2	1	0.62
soup	93016	13107	1	1	0.85
merg	93016	13107	1	1	0.85
crashera	93016	13107	1	1	0.85
placer	93016	13107	5	1	0.42
finalit	93016	13107	2	1	0.62
dirais	93016	13107	2	1	0.62
adaptable	93016	13107	1	1	0.85
veux	93016	13107	7	1	0.40
renoncez	93016	13107	1	1	0.85
survivez	93016	13107	1	1	0.85
mourez	93016	13107	2	1	0.62
reposer	93016	13107	2	1	0.62
commencez	93016	13107	5	1	0.42
caf	93016	13107	1	1	0.85
vieux	93016	13107	6	1	0.40
cinq	93016	13107	6	1	0.40
petites	93016	13107	7	1	0.40
duit	93016	13107	3	1	0.51
accrocher	93016	13107	3	1	0.51
liette	93016	13107	3	1	0.51
picotin	93016	13107	3	1	0.51
roselyne	93016	13107	1	1	0.85
perdent	93016	13107	1	1	0.85
rah	93016	13107	4	1	0.45
ma	93016	13107	39	1	-1.77
ligne	93016	13107	15	1	-0.60
finissent	93016	13107	3	1	0.51
xxie	93016	13107	1	1	0.85
cle	93016	13107	13	1	0.53
sormais	93016	13107	5	1	0.42
donnons	93016	13107	2	1	0.62
chance	93016	13107	16	1	-0.64
panouir	93016	13107	1	1	0.85
relatives	93016	13107	1	1	0.85
conseille	93016	13107	3	1	0.51
optant	93016	13107	1	1	0.85
prodigu	93016	13107	1	1	0.85
guidera	93016	13107	2	1	0.62
coranique	93016	13107	1	1	0.85
no	93016	13107	4	1	0.45
ayat	93016	13107	1	1	0.85
swt	93016	13107	1	1	0.85
croyants	93016	13107	6	1	0.40
erreurs	93016	13107	3	1	0.51
infuse	93016	13107	1	1	0.85
plan	93016	13107	39	1	-1.77
gique	93016	13107	2	1	0.62
azza	93016	13107	2	1	0.62
wajall	93016	13107	2	1	0.62
perdaient	93016	13107	1	1	0.85
ventuelle	93016	13107	2	1	0.62
victoire	93016	13107	3	1	0.51
chagrin	93016	13107	5	1	0.42
persistait	93016	13107	1	1	0.85
trag	93016	13107	6	1	0.40
checs	93016	13107	9	1	0.42
apparents	93016	13107	1	1	0.85
enregistrer	93016	13107	1	1	0.85
sp	93016	13107	27	1	-1.13
cifique	93016	13107	9	1	0.42
qualit	93016	13107	16	1	-0.64
motive	93016	13107	6	1	0.40
bou	93016	13107	1	1	0.85
bont	93016	13107	6	1	0.40
inattendus	93016	13107	1	1	0.85
occup	93016	13107	4	1	0.45
jarre	93016	13107	6	1	0.40
traditions	93016	13107	2	1	0.62
elie	93016	13107	1	1	0.85
wiesel	93016	13107	1	1	0.85
persister	93016	13107	4	1	0.45
cits	93016	13107	3	1	0.51
rappellent	93016	13107	4	1	0.45
difficile	93016	13107	13	1	0.53
rappeler	93016	13107	9	1	0.42
raviver	93016	13107	1	1	0.85
pessimisme	93016	13107	14	1	-0.56
ambiant	93016	13107	1	1	0.85
choisir	93016	13107	9	1	0.42
incertitudes	93016	13107	6	1	0.40
change	93016	13107	4	1	0.45
us	93016	13107	13	1	0.53
porteurs	93016	13107	3	1	0.51
lange	93016	13107	3	1	0.51
cognitive	93016	13107	18	1	-0.72
investigu	93016	13107	1	1	0.85
alisation	93016	13107	36	1	-1.60
tudiants	93016	13107	2	1	0.62
explique	93016	13107	15	1	-0.60
yann	93016	13107	4	1	0.45
augmentation	93016	13107	3	1	0.51
significative	93016	13107	3	1	0.51
court	93016	13107	6	1	0.40
rencie	93016	13107	2	1	0.62
tromp	93016	13107	4	1	0.45
boundaries	93016	13107	4	1	0.45
trentaine	93016	13107	1	1	0.85
ann	93016	13107	37	1	-1.66
approfondit	93016	13107	1	1	0.85
anticipations	93016	13107	23	1	-0.94
complexe	93016	13107	7	1	0.40
gratitude	93016	13107	3	1	0.51
tay	93016	13107	1	1	0.85
section	93016	13107	5	1	0.42
constat	93016	13107	4	1	0.45
classique	93016	13107	4	1	0.45
adoss	93016	13107	1	1	0.85
principalement	93016	13107	3	1	0.51
approfondir	93016	13107	1	1	0.85
elster	93016	13107	2	1	0.62
cher	93016	13107	9	1	0.42
cise	93016	13107	6	1	0.40
quantifiable	93016	13107	1	1	0.85
engager	93016	13107	11	1	0.47
quent	93016	13107	7	1	0.40
probabilit	93016	13107	15	1	-0.60
termine	93016	13107	1	1	0.85
mesur	93016	13107	2	1	0.62
instrumentale	93016	13107	2	1	0.62
ratoire	93016	13107	3	1	0.51
dent	93016	13107	15	1	-0.60
cessite	93016	13107	5	1	0.42
risent	93016	13107	1	1	0.85
scientifique	93016	13107	13	1	0.53
focalisant	93016	13107	1	1	0.85
articulation	93016	13107	1	1	0.85
synth	93016	13107	3	1	0.51
concernent	93016	13107	4	1	0.45
ments	93016	13107	21	1	-0.85
touchent	93016	13107	2	1	0.62
burger	93016	13107	2	1	0.62
guider	93016	13107	3	1	0.51
quivalent	93016	13107	3	1	0.51
sommes	93016	13107	40	1	-1.82
nement	93016	13107	18	1	-0.72
survienne	93016	13107	1	1	0.85
certaine	93016	13107	26	1	-1.09
nourri	93016	13107	2	1	0.62
syst	93016	13107	11	1	0.47
matiquement	93016	13107	2	1	0.62
dissout	93016	13107	1	1	0.85
mises	93016	13107	7	1	0.40
souligner	93016	13107	1	1	0.85
nourrit	93016	13107	4	1	0.45
alisera	93016	13107	1	1	0.85
frijda	93016	13107	1	1	0.85
connaissance	93016	13107	13	1	0.53
comportemental	93016	13107	2	1	0.62
sum	93016	13107	8	1	0.41
parfaite	93016	13107	2	1	0.62
dicteur	93016	13107	1	1	0.85
rientielle	93016	13107	2	1	0.62
privil	93016	13107	8	1	0.41
gi	93016	13107	4	1	0.45
delas	93016	13107	10	1	0.44
partag	93016	13107	6	1	0.40
reposant	93016	13107	8	1	0.41
concernant	93016	13107	14	1	-0.56
montrer	93016	13107	14	1	-0.56
sujette	93016	13107	1	1	0.85
formation	93016	13107	2	1	0.62
permanente	93016	13107	2	1	0.62
intelligente	93016	13107	1	1	0.85
naissance	93016	13107	7	1	0.40
danger	93016	13107	5	1	0.42
pleines	93016	13107	1	1	0.85
localis	93016	13107	1	1	0.85
distinguant	93016	13107	1	1	0.85
obtention	93016	13107	5	1	0.42
versus	93016	13107	3	1	0.51
montrant	93016	13107	4	1	0.45
angoissantes	93016	13107	2	1	0.62
pendamment	93016	13107	3	1	0.51
environnement	93016	13107	17	1	-0.68
veloppent	93016	13107	3	1	0.51
sentent	93016	13107	6	1	0.40
construction	93016	13107	9	1	0.42
transforme	93016	13107	2	1	0.62
langue	93016	13107	11	1	0.47
webb	93016	13107	1	1	0.85
limit	93016	13107	4	1	0.45
circonscrit	93016	13107	1	1	0.85
inexistantes	93016	13107	1	1	0.85
ancrer	93016	13107	1	1	0.85
recherch	93016	13107	4	1	0.45
rend	93016	13107	8	1	0.41
caduque	93016	13107	1	1	0.85
retravaill	93016	13107	2	1	0.62
culpabilit	93016	13107	2	1	0.62
grant	93016	13107	6	1	0.40
circularit	93016	13107	1	1	0.85
saisit	93016	13107	1	1	0.85
recomposer	93016	13107	1	1	0.85
composante	93016	13107	6	1	0.40
essentiellement	93016	13107	5	1	0.42
tangible	93016	13107	2	1	0.62
revue	93016	13107	4	1	0.45
vanfasse	93016	13107	2	1	0.62
deneen	93016	13107	2	1	0.62
lecture	93016	13107	24	1	-0.99
saisir	93016	13107	4	1	0.45
rorty	93016	13107	3	1	0.51
limiterons	93016	13107	1	1	0.85
atoire	93016	13107	2	1	0.62
mettant	93016	13107	5	1	0.42
sursaut	93016	13107	2	1	0.62
mocratique	93016	13107	3	1	0.51
structuration	93016	13107	3	1	0.51
ajouter	93016	13107	5	1	0.42
pandre	93016	13107	2	1	0.62
as	93016	13107	8	1	0.41
partout	93016	13107	2	1	0.62
motiver	93016	13107	1	1	0.85
autrui	93016	13107	4	1	0.45
pansement	93016	13107	1	1	0.85
provisoire	93016	13107	2	1	0.62
tablissement	93016	13107	5	1	0.42
parole	93016	13107	7	1	0.40
population	93016	13107	2	1	0.62
entreprise	93016	13107	6	1	0.40
candidats	93016	13107	2	1	0.62
adh	93016	13107	7	1	0.40
sion	93016	13107	7	1	0.40
provoque	93016	13107	1	1	0.85
oublie	93016	13107	6	1	0.40
certainement	93016	13107	7	1	0.40
remets	93016	13107	2	1	0.62
comparer	93016	13107	2	1	0.62
suffit	93016	13107	4	1	0.45
caresser	93016	13107	1	1	0.85
redresser	93016	13107	1	1	0.85
gourou	93016	13107	1	1	0.85
para	93016	13107	4	1	0.45
associait	93016	13107	1	1	0.85
superstition	93016	13107	1	1	0.85
ethique	93016	13107	1	1	0.85
entraider	93016	13107	1	1	0.85
cache	93016	13107	1	1	0.85
nourrissons	93016	13107	1	1	0.85
familier	93016	13107	1	1	0.85
enfants	93016	13107	16	1	-0.64
grandissent	93016	13107	2	1	0.62
pensant	93016	13107	1	1	0.85
jeunes	93016	13107	34	1	-1.50
gies	93016	13107	14	1	-0.56
similaires	93016	13107	1	1	0.85
grandement	93016	13107	1	1	0.85
faciliter	93016	13107	3	1	0.51
attitudes	93016	13107	7	1	0.40
dites	93016	13107	5	1	0.42
technique	93016	13107	3	1	0.51
expliquez	93016	13107	1	1	0.85
observer	93016	13107	3	1	0.51
ponds	93016	13107	1	1	0.85
cessez	93016	13107	3	1	0.51
tais	93016	13107	10	1	0.44
dos	93016	13107	4	1	0.45
lettre	93016	13107	3	1	0.51
gardent	93016	13107	2	1	0.62
sortir	93016	13107	16	1	-0.64
seigneur	93016	13107	8	1	0.41
retrouvent	93016	13107	1	1	0.85
appuie	93016	13107	3	1	0.51
nourrissez	93016	13107	2	1	0.62
dirait	93016	13107	2	1	0.62
pair	93016	13107	1	1	0.85
continuer	93016	13107	16	1	-0.64
respirer	93016	13107	3	1	0.51
connus	93016	13107	1	1	0.85
fonctionne	93016	13107	3	1	0.51
craignons	93016	13107	1	1	0.85
chec	93016	13107	14	1	-0.56
familiarisent	93016	13107	1	1	0.85
uns	93016	13107	2	1	0.62
alisant	93016	13107	1	1	0.85
priver	93016	13107	1	1	0.85
surnaturelle	93016	13107	1	1	0.85
quantifiables	93016	13107	1	1	0.85
rapporter	93016	13107	1	1	0.85
instinct	93016	13107	1	1	0.85
conjoint	93016	13107	2	1	0.62
insurge	93016	13107	1	1	0.85
pousser	93016	13107	1	1	0.85
sire	93016	13107	10	1	0.44
assimiler	93016	13107	1	1	0.85
voyons	93016	13107	14	1	-0.56
soyons	93016	13107	1	1	0.85
appelons	93016	13107	3	1	0.51
dessus	93016	13107	2	1	0.62
pousse	93016	13107	15	1	-0.60
sme	93016	13107	4	1	0.45
volutionnaire	93016	13107	3	1	0.51
met	93016	13107	17	1	-0.68
plaisir	93016	13107	7	1	0.40
tromper	93016	13107	1	1	0.85
ent	93016	13107	4	1	0.45
destructeur	93016	13107	2	1	0.62
pieu	93016	13107	1	1	0.85
mensonge	93016	13107	1	1	0.85
stes	93016	13107	1	1	0.85
immoraux	93016	13107	1	1	0.85
suivant	93016	13107	9	1	0.42
optimiste	93016	13107	17	1	-0.68
conclure	93016	13107	7	1	0.40
soutenir	93016	13107	8	1	0.41
aborde	93016	13107	1	1	0.85
question	93016	13107	41	1	-1.88
astrazeneca	93016	13107	4	1	0.45
quipe	93016	13107	4	1	0.45
donnent	93016	13107	7	1	0.40
eu	93016	13107	22	1	-0.89
entendre	93016	13107	2	1	0.62
comit	93016	13107	3	1	0.51
dis	93016	13107	11	1	0.47
indiff	93016	13107	3	1	0.51
remment	93016	13107	4	1	0.45
rale	93016	13107	11	1	0.47
maximes	93016	13107	1	1	0.85
pris	93016	13107	5	1	0.42
aporie	93016	13107	1	1	0.85
demeurer	93016	13107	1	1	0.85
gegenwart	93016	13107	1	1	0.85
hegel	93016	13107	10	1	0.44
discerne	93016	13107	1	1	0.85
effectu	93016	13107	5	1	0.42
ineffectif	93016	13107	1	1	0.85
indique	93016	13107	5	1	0.42
quelques	93016	13107	24	1	-0.99
majeurs	93016	13107	4	1	0.45
continu	93016	13107	6	1	0.40
mouvant	93016	13107	1	1	0.85
entendons	93016	13107	1	1	0.85
cularis	93016	13107	1	1	0.85
remarque	93016	13107	7	1	0.40
type	93016	13107	9	1	0.42
rable	93016	13107	11	1	0.47
sempiternellement	93016	13107	1	1	0.85
saturnien	93016	13107	1	1	0.85
association	93016	13107	5	1	0.42
ductiblement	93016	13107	1	1	0.85
chirement	93016	13107	1	1	0.85
indialectisable	93016	13107	1	1	0.85
profit	93016	13107	1	1	0.85
fore	93016	13107	1	1	0.85
cavit	93016	13107	1	1	0.85
sorte	93016	13107	20	1	-0.80
envisag	93016	13107	4	1	0.45
garantie	93016	13107	6	1	0.40
modalit	93016	13107	10	1	0.44
accomplie	93016	13107	1	1	0.85
exhibe	93016	13107	1	1	0.85
conciliation	93016	13107	4	1	0.45
alternative	93016	13107	2	1	0.62
renonc	93016	13107	1	1	0.85
couple	93016	13107	2	1	0.62
inconstante	93016	13107	2	1	0.62
bel	93016	13107	1	1	0.85
arrive	93016	13107	8	1	0.41
autour	93016	13107	17	1	-0.68
portent	93016	13107	3	1	0.51
laiss	93016	13107	7	1	0.40
stimulant	93016	13107	2	1	0.62
songe	93016	13107	3	1	0.51
racinable	93016	13107	1	1	0.85
habite	93016	13107	5	1	0.42
lendemains	93016	13107	5	1	0.42
harmonieusement	93016	13107	2	1	0.62
mondialis	93016	13107	1	1	0.85
hoffnung	93016	13107	7	1	0.40
exacerbation	93016	13107	1	1	0.85
hassidique	93016	13107	1	1	0.85
carnets	93016	13107	1	1	0.85
spirituels	93016	13107	5	1	0.42
explications	93016	13107	3	1	0.51
lesquelles	93016	13107	7	1	0.40
raclite	93016	13107	2	1	0.62
courant	93016	13107	3	1	0.51
cesser	93016	13107	1	1	0.85
titrant	93016	13107	1	1	0.85
troit	93016	13107	2	1	0.62
unit	93016	13107	9	1	0.42
vitalement	93016	13107	1	1	0.85
souverainet	93016	13107	2	1	0.62
finitivement	93016	13107	1	1	0.85
affaiblit	93016	13107	1	1	0.85
intimement	93016	13107	1	1	0.85
nther	93016	13107	1	1	0.85
anders	93016	13107	3	1	0.51
couvrent	93016	13107	2	1	0.62
pandore	93016	13107	9	1	0.42
violence	93016	13107	10	1	0.44
semblerait	93016	13107	1	1	0.85
riser	93016	13107	3	1	0.51
puisqu	93016	13107	5	1	0.42
monoth	93016	13107	1	1	0.85
isme	93016	13107	1	1	0.85
dessine	93016	13107	1	1	0.85
paysage	93016	13107	1	1	0.85
rechercher	93016	13107	20	1	-0.80
distinguent	93016	13107	1	1	0.85
messie	93016	13107	6	1	0.40
diverge	93016	13107	1	1	0.85
venir	93016	13107	21	1	-0.85
constate	93016	13107	2	1	0.62
ontologique	93016	13107	3	1	0.51
interrogation	93016	13107	1	1	0.85
velopp	93016	13107	12	1	0.50
ancre	93016	13107	5	1	0.42
corps	93016	13107	19	1	-0.76
acc	93016	13107	16	1	-0.64
illusionner	93016	13107	1	1	0.85
suscite	93016	13107	1	1	0.85
apprentissage	93016	13107	8	1	0.41
crucial	93016	13107	3	1	0.51
sied	93016	13107	1	1	0.85
gles	93016	13107	3	1	0.51
atrice	93016	13107	1	1	0.85
attachement	93016	13107	2	1	0.62
hauteur	93016	13107	3	1	0.51
affirmative	93016	13107	1	1	0.85
exclut	93016	13107	2	1	0.62
pareille	93016	13107	4	1	0.45
rosset	93016	13107	2	1	0.62
refuge	93016	13107	2	1	0.62
ressources	93016	13107	5	1	0.42
projection	93016	13107	2	1	0.62
capable	93016	13107	17	1	-0.68
rendre	93016	13107	14	1	-0.56
provisoirement	93016	13107	2	1	0.62
inutile	93016	13107	3	1	0.51
impr	93016	13107	8	1	0.41
visible	93016	13107	4	1	0.45
chauffer	93016	13107	2	1	0.62
main	93016	13107	19	1	-0.76
promouvoir	93016	13107	5	1	0.42
rez	93016	13107	8	1	0.41
tablir	93016	13107	9	1	0.42
commun	93016	13107	11	1	0.47
hi	93016	13107	2	1	0.62
rarchies	93016	13107	2	1	0.62
nihilistes	93016	13107	1	1	0.85
ternissent	93016	13107	1	1	0.85
aplanit	93016	13107	1	1	0.85
culte	93016	13107	1	1	0.85
exister	93016	13107	2	1	0.62
vide	93016	13107	6	1	0.40
dients	93016	13107	1	1	0.85
trompeur	93016	13107	1	1	0.85
religions	93016	13107	5	1	0.42
hantologie	93016	13107	1	1	0.85
peupl	93016	13107	1	1	0.85
fatigu	93016	13107	3	1	0.51
voeux	93016	13107	7	1	0.40
jeunesse	93016	13107	2	1	0.62
regrets	93016	13107	1	1	0.85
remords	93016	13107	1	1	0.85
vaccin	93016	13107	1	1	0.85
luisants	93016	13107	1	1	0.85
tours	93016	13107	1	1	0.85
promettant	93016	13107	1	1	0.85
demain	93016	13107	13	1	0.53
volte	93016	13107	6	1	0.40
epict	93016	13107	2	1	0.62
immanence	93016	13107	1	1	0.85
insurrection	93016	13107	2	1	0.62
flexions	93016	13107	3	1	0.51
naturellement	93016	13107	6	1	0.40
maxime	93016	13107	3	1	0.51
synonyme	93016	13107	3	1	0.51
paradoxalement	93016	13107	2	1	0.62
subjective	93016	13107	3	1	0.51
lier	93016	13107	5	1	0.42
