item	total	count part-1	specif part-1	count part-2	specif part-2
	58301		22837		35464
の	2300	873	-2.08	1427	2.08
、	2202	780	-4.71	1422	4.71
を	1544	522	-5.90	1022	5.90
に	1492	452	-13.00	1040	13.00
。	1453	428	-14.93	1025	14.93
は	1317	366	-18.24	951	18.24
が	1213	351	-13.89	862	13.89
て	1099	344	-8.09	755	8.09
期待	1008	3	-212.39	1005	212.39
」	886	268	-8.28	618	8.28
と	869	275	-6.21	594	6.21
「	861	272	-6.23	589	6.23
で	810	233	-9.95	577	9.95
し	687	174	-14.33	513	14.33
た	668	324	6.76	344	-6.76
希望	573	522	151.40	51	-151.40
https	534	309	18.09	225	-18.09
こと	528	98	-24.24	430	24.24
ます	442	88	-17.86	354	17.86
も	439	124	-6.40	315	6.40
な	435	119	-7.21	316	7.21
する	389	98	-8.73	291	8.73
ない	361	87	-9.34	274	9.34
）	316	215	24.77	101	-24.77
（	311	212	24.61	99	-24.61
です	300	54	-14.96	246	14.96
か	278	69	-6.83	209	6.83
いる	258	66	-5.86	192	5.86
org	257	120	2.61	137	-2.61
から	225	79	-1.60	146	1.60
wikipedia	223	105	2.52	118	-2.52
や	222	45	-9.13	177	9.13
・	221	142	13.58	79	-13.58
ja	217	105	2.92	112	-2.92
自分	214	31	-14.83	183	14.83
う	206	52	-5.07	154	5.07
ある	202	61	-2.75	141	2.75
人	199	72	-1.39	127	1.39
よう	197	56	-3.37	141	3.37
い	195	60	-2.51	135	2.51
という	174	33	-8.30	141	8.30
年	173	100	6.53	73	-6.53
wiki	169	84	2.89	85	-2.89
だ	164	57	-1.48	107	1.48
さ	161	59	-1.28	102	1.28
れ	160	57	-1.37	103	1.37
的	158	26	-9.49	132	9.49
あり	152	29	-7.29	123	7.29
この	144	31	-5.54	113	5.54
www	144	112	20.52	32	-20.52
1	143	66	1.80	77	-1.80
com	138	106	18.74	32	-18.74
3	134	94	12.57	40	-12.57
ん	126	34	-2.89	92	2.89
jp	126	83	9.09	43	-9.09
その	124	35	-2.52	89	2.52
相手	122	1	-24.48	121	24.48
たい	118	28	-3.82	90	3.82
2	114	61	3.21	53	-3.21
：	107	86	17.57	21	-17.57
？	106	33	-1.72	73	1.72
日	104	68	7.41	36	-7.41
なる	104	22	-4.38	82	4.38
もの	101	23	-3.70	78	3.70
へ	98	45	1.49	53	-1.49
まし	92	55	4.53	37	-4.53
php	91	53	4.00	38	-4.00
について	90	39	1.21	51	-1.21
ため	89	18	-4.18	71	4.18
心理	89	0	-19.23	89	19.23
5	86	53	4.89	33	-4.89
2025	83	71	17.53	12	-17.53
れる	83	14	-5.18	69	5.18
12	82	62	10.77	20	-10.77
ば	81	22	-2.12	59	2.12
なく	81	25	-1.55	56	1.55
感	79	7	-8.94	72	8.94
何	78	23	-1.70	55	1.70
6	78	60	10.99	18	-10.99
ね	77	18	-2.85	59	2.85
者	76	44	3.39	32	-3.39
性	76	36	1.50	40	-1.50
月	75	53	7.62	22	-7.62
として	75	21	-1.88	54	1.88
なり	75	13	-4.58	62	4.58
ませ	73	7	-7.89	66	7.89
より	72	22	-1.50	50	1.50
私	71	9	-6.18	62	6.18
関係	71	10	-5.58	61	5.58
それ	70	12	-4.38	58	4.38
4	70	44	4.48	26	-4.48
たち	65	24	-1.02	41	1.02
２	64	22	-1.12	42	1.12
これ	63	13	-3.07	50	3.07
】	63	45	6.80	18	-6.80
場合	62	15	-2.28	47	2.28
など	62	25	1.00	37	-1.00
方	61	21	-1.10	40	1.10
なっ	60	17	-1.62	43	1.62
title	60	26	1.08	34	-1.08
index	59	25	1.03	34	-1.03
仕事	59	29	1.51	30	-1.51
w	59	24	0.99	35	-0.99
可能	58	33	2.59	25	-2.59
学	58	14	-2.19	44	2.19
でしょ	57	6	-5.90	51	5.90
結果	57	5	-6.64	52	6.64
考え	56	16	-1.53	40	1.53
BUTTON	56	26	1.24	30	-1.24
感じ	55	19	-1.06	36	1.06
でき	55	16	-1.46	39	1.46
』	55	16	-1.46	39	1.46
大使	55	55	22.40	0	-22.40
どう	54	23	1.02	31	-1.02
さん	53	39	6.52	14	-6.52
持つ	53	7	-4.60	46	4.60
8	53	41	7.86	12	-7.86
！	52	33	3.65	19	-3.65
時	51	31	3.05	20	-3.05
思い	51	12	-2.10	39	2.10
【	51	38	6.60	13	-6.60
き	50	18	-0.98	32	0.98
状況	50	31	3.24	19	-3.24
られ	50	14	-1.50	36	1.50
値	50	4	-6.20	46	6.20
って	49	28	2.34	21	-2.34
言葉	49	11	-2.22	38	2.22
できる	48	18	-0.94	30	0.94
まで	47	14	-1.29	33	1.29
中	47	14	-1.29	33	1.29
だけ	47	15	-1.14	32	1.14
『	47	13	-1.48	34	1.48
認知	47	46	17.28	1	-17.28
症	47	47	19.14	0	-19.14
県	47	46	17.28	1	-17.28
e	47	45	15.73	2	-15.73
だろ	46	15	-1.09	31	1.09
記事	46	16	-0.99	30	0.99
別	46	44	15.34	2	-15.34
いく	45	20	1.04	25	-1.04
よ	45	19	0.96	26	-0.96
意味	44	12	-1.47	32	1.47
かも	44	11	-1.72	33	1.72
良い	44	5	-4.42	39	4.42
9	44	31	4.71	13	-4.71
また	43	13	-1.21	30	1.21
お	42	23	1.81	19	-1.81
“	42	39	12.47	3	-12.47
”	42	40	13.79	2	-13.79
なら	42	7	-2.98	35	2.98
万	42	16	0.90	26	0.90
心	42	5	-4.10	37	4.10
そう	41	10	-1.71	31	1.71
ご	40	17	0.94	23	-0.94
なかっ	40	15	-0.90	25	0.90
url	40	30	5.44	10	-5.44
特別	40	24	2.43	16	-2.43
2026	40	25	2.81	15	-2.81
人間	40	2	-6.13	38	6.13
円	39	10	-1.53	29	1.53
み	39	13	-0.99	26	0.99
いい	38	15	0.88	23	0.88
7	38	24	2.81	14	-2.81
０	38	9	-1.71	29	1.71
失望	38	5	-3.46	33	3.46
気持ち	38	4	-4.10	34	4.10
％	37	13	-0.92	24	0.92
0	37	28	5.25	9	-5.25
25	36	26	4.34	10	-4.34
品	36	36	14.66	0	-14.66
しまう	36	0	-7.78	36	7.78
関連	35	16	1.01	19	-1.01
大切	35	11	-1.04	24	1.04
行動	35	9	-1.43	26	1.43
１	35	15	0.91	20	-0.91
自己	35	7	-2.07	28	2.07
ず	34	9	-1.34	25	1.34
あっ	34	13	0.86	21	0.86
誰	34	4	-3.44	30	3.44
協力	34	30	8.41	4	-8.41
自身	34	8	-1.61	26	1.61
進学	34	34	13.85	0	-13.85
成長	34	0	-7.34	34	7.34
子ども	33	18	1.55	15	-1.55
られる	33	5	-2.71	28	2.71
でも	33	14	0.89	19	-0.89
学校	33	29	8.06	4	-8.06
思っ	33	10	-1.07	23	1.07
とき	33	14	0.89	19	-0.89
人生	33	7	-1.83	26	1.83
影響	33	5	-2.71	28	2.71
日本	33	15	0.98	18	-0.98
26	33	17	1.31	16	-1.31
29	33	21	2.59	12	-2.59
に対して	33	2	-4.79	31	4.79
ので	32	4	-3.12	28	3.12
ください	32	19	2.00	13	-2.00
にとって	32	9	-1.18	23	1.18
未来	32	18	1.68	14	-1.68
note	32	16	1.19	16	-1.19
活動	32	29	8.76	3	-8.76
でし	32	15	1.02	17	-1.02
に対する	32	1	-5.60	31	5.60
～	31	13	0.86	18	-0.86
よく	31	6	-1.97	25	1.97
あなた	31	15	1.08	16	-1.08
たり	31	9	-1.11	22	1.11
支援	31	29	9.57	2	-9.57
重要	31	3	-3.61	28	3.61
sankei	31	31	12.62	0	-12.62
投資	31	0	-6.69	31	6.69
たら	30	5	-2.28	25	2.28
しれ	30	6	-1.85	24	1.85
必要	30	9	-1.04	21	1.04
政策	30	1	-5.19	29	5.19
せ	29	5	-2.14	24	2.14
ニュース	29	23	4.98	6	-4.98
上	29	9	-0.98	20	0.98
社会	29	12	0.84	17	-0.84
一	29	18	2.16	11	-2.16
article	29	25	6.67	4	-6.67
多く	29	12	0.84	17	-0.84
action	29	10	-0.87	19	0.87
公立	29	29	11.81	0	-11.81
効果	29	2	-4.04	27	4.04
自立	29	5	-2.14	24	2.14
しかし	28	6	-1.62	22	1.62
地域	28	27	9.76	1	-9.76
予想	28	1	-4.79	27	4.79
他人	28	1	-4.79	27	4.79
グループ	28	26	8.44	2	-8.44
べき	27	11	0.82	16	-0.82
実現	27	7	-1.22	20	1.22
ほど	27	6	-1.50	21	1.50
500	27	4	-2.35	23	2.35
text	27	21	4.37	6	-4.37
share	27	21	4.37	6	-4.37
一つ	27	7	-1.22	20	1.22
患者	27	27	10.99	0	-10.99
要求	27	0	-5.83	27	5.83
20	26	12	0.92	14	-0.92
そんな	26	13	1.08	13	-1.08
例	26	7	-1.13	19	1.13
持っ	26	9	-0.84	17	0.84
30	26	12	0.92	14	-0.92
市	26	24	7.69	2	-7.69
高	26	5	-1.75	21	1.75
制	26	26	10.59	0	-10.59
]「	25	3	-2.61	22	2.61
ながら	25	15	1.75	10	-1.75
見	25	7	-1.05	18	1.05
状態	25	11	0.85	14	-0.85
ページ	25	17	2.61	8	-2.61
ここ	25	3	-2.61	22	2.61
退職	25	23	7.32	2	-7.32
一方	25	4	-2.06	21	2.06
新しい	25	19	3.78	6	-3.78
facebook	25	17	2.61	8	-2.61
articles	25	12	0.97	13	-0.97
における	25	10	0.79	15	0.79
高校	25	25	10.18	0	-10.18
くれ	24	5	-1.51	19	1.51
言う	24	6	-1.20	18	1.20
考える	24	8	-0.84	16	0.84
co	24	21	5.89	3	-5.89
そして	24	10	0.80	14	-0.80
版	24	12	1.04	12	-1.04
説明	24	4	-1.92	20	1.92
多い	24	4	-1.92	20	1.92
b	24	20	4.98	4	-4.98
高い	24	3	-2.45	21	2.45
株	24	0	-5.18	24	5.18
回	23	17	3.21	6	-3.21
今回	23	6	-1.11	17	1.11
いき	23	7	-0.91	16	0.91
どこ	23	7	-0.91	16	0.91
目標	23	5	-1.39	18	1.39
11	23	12	1.13	11	-1.13
net	23	9	0.77	14	0.77
P	23	2	-2.95	21	2.95
感情	23	1	-3.80	22	3.80
倍	23	22	7.81	1	-7.81
進路	23	23	9.36	0	-9.36
課程	23	23	9.36	0	-9.36
負担	23	18	3.88	5	-3.88
裏切ら	23	0	-4.97	23	4.97
後	22	13	1.54	9	-1.54
意識	22	4	-1.65	18	1.65
あれ	22	4	-1.65	18	1.65
だっ	22	6	-1.02	16	1.02
目	22	13	1.54	9	-1.54
10	22	12	1.23	10	-1.23
解説	22	6	-1.02	16	1.02
以上	22	5	-1.28	17	1.28
imai	22	22	8.96	0	-8.96
27	22	10	0.85	12	-0.85
47	22	22	8.96	0	-8.96
与える	22	2	-2.77	20	2.77
表現	22	4	-1.65	18	1.65
ストレス	22	0	-4.75	22	4.75
僕	21	8	0.75	13	0.75
やっ	21	6	-0.95	15	0.95
ましょ	21	4	-1.52	17	1.52
先	21	9	0.79	12	-0.79
31	21	10	0.90	11	-0.90
紹介	21	6	-0.95	15	0.95
本人	21	19	5.84	2	-5.84
周囲	21	1	-3.40	20	3.40
数	21	16	3.28	5	-3.28
intent	21	18	4.85	3	-4.85
教育	21	17	4.01	4	-4.01
違い	21	2	-2.59	19	2.59
edit	21	5	-1.18	16	1.18
くれる	21	1	-3.40	20	3.40
経験	21	4	-1.52	17	1.52
長期	21	14	2.14	7	-2.14
くる	20	4	-1.40	16	1.40
努力	20	3	-1.83	17	1.83
出	20	5	-1.08	15	1.08
文化	20	3	-1.83	17	1.83
５	20	3	-1.83	17	1.83
21	20	8	0.75	12	0.75
企業	20	3	-1.83	17	1.83
28	20	8	0.75	12	0.75
信頼	20	3	-1.83	17	1.83
20251223	20	20	8.14	0	-8.14
DYIA	20	20	8.14	0	-8.14
BW	20	20	8.14	0	-8.14
NLVFKAGKOIYTNCBFI	20	20	8.14	0	-8.14
家	20	1	-3.21	19	3.21
隊	20	20	8.14	0	-8.14
によって	20	2	-2.42	18	2.42
応え	20	0	-4.32	20	4.32
バイアス	20	0	-4.32	20	4.32
不足	20	0	-4.32	20	4.32
市場	20	0	-4.32	20	4.32
S	20	0	-4.32	20	4.32
時間	19	4	-1.28	15	1.28
名	19	14	2.71	5	-2.71
方法	19	4	-1.28	15	1.28
第	19	19	7.74	0	-7.74
同じ	19	6	-0.82	13	0.82
問題	19	6	-0.82	13	0.82
38	19	5	-0.99	14	0.99
ポジティブ	19	1	-3.01	18	3.01
2024	19	10	1.05	9	-1.05
C	19	14	2.71	5	-2.71
向け	19	4	-1.28	15	1.28
書い	19	1	-3.01	18	3.01
日常	19	3	-1.69	16	1.69
医療	19	19	7.74	0	-7.74
a	19	10	1.05	9	-1.05
受験	19	17	5.12	2	-5.12
率	19	11	1.33	8	-1.33
達	19	4	-1.28	15	1.28
超える	19	1	-3.01	18	3.01
経済	19	0	-4.10	19	4.10
開催	18	18	7.33	0	-7.33
前	18	6	-0.76	12	0.76
けど	18	12	1.91	6	-1.91
たく	18	10	1.16	8	-1.16
使わ	18	2	-2.08	16	2.08
思う	18	2	-2.08	16	2.08
強い	18	1	-2.82	17	2.82
画像	18	13	2.44	5	-2.44
こそ	18	10	1.16	8	-1.16
時代	18	6	-0.76	12	0.76
18	18	6	-0.76	12	0.76
32	18	8	0.77	10	-0.77
幸福	18	9	0.92	9	-0.92
23	18	7	0.72	11	0.72
世界	18	13	2.44	5	-2.44
今	18	6	-0.76	12	0.76
家族	18	9	0.92	9	-0.92
u	18	14	3.08	4	-3.08
どの	18	1	-2.82	17	2.82
search	18	11	1.49	7	-1.49
22	18	5	-0.91	13	0.91
cite	18	6	-0.76	12	0.76
上昇	18	2	-2.08	16	2.08
価値	18	2	-2.08	16	2.08
楽しみ	18	2	-2.08	16	2.08
金融	18	0	-3.89	18	3.89
15	17	13	2.78	4	-2.78
において	17	1	-2.63	16	2.63
ただ	17	4	-1.06	13	1.06
皆さん	17	9	1.00	8	-1.00
将来	17	9	1.00	8	-1.00
感じる	17	2	-1.92	15	1.92
願望	17	13	2.78	4	-2.78
しよ	17	7	0.72	10	0.72
こちら	17	13	2.78	4	-2.78
つまり	17	2	-1.92	15	1.92
成功	17	3	-1.41	14	1.41
ほしい	17	5	-0.83	12	0.83
９	17	2	-1.92	15	1.92
６	17	4	-1.06	13	1.06
さらに	17	8	0.81	9	-0.81
tweet	17	13	2.78	4	-2.78
http	17	10	1.29	7	-1.29
85	17	12	2.17	5	-2.17
twitter	17	8	0.81	9	-0.81
通り	17	1	-2.63	16	2.63
物事	17	3	-1.41	14	1.41
クリスマス	17	15	4.40	2	-4.40
音楽	17	10	1.29	7	-1.29
｜	17	15	4.40	2	-4.40
リスク	17	1	-2.63	16	2.63
具体	17	5	-0.83	12	0.83
jcp	17	17	6.92	0	-6.92
or	17	17	6.92	0	-6.92
上司	17	0	-3.67	17	3.67
counselingservice	17	0	-3.67	17	3.67
lecture	17	0	-3.67	17	3.67
参加	16	14	4.05	2	-4.05
81	16	12	2.49	4	-2.49
82	16	10	1.46	6	-1.46
イメージ	16	4	-0.96	12	0.96
こ	16	5	-0.77	11	0.77
達成	16	5	-0.77	11	0.77
出し	16	7	0.73	9	-0.73
そこ	16	3	-1.28	13	1.28
こう	16	1	-2.44	15	2.44
個人	16	4	-0.96	12	0.96
持ち	16	4	-0.96	12	0.96
少し	16	5	-0.77	11	0.77
hashtag	16	12	2.49	4	-2.49
メッセージ	16	16	6.51	0	-6.51
令和	16	15	5.12	1	-5.12
マツダ	16	16	6.51	0	-6.51
全	16	14	4.05	2	-4.05
png	16	3	-1.28	13	1.28
19	16	7	0.73	9	-0.73
つ	16	7	0.73	9	-0.73
合わせ	16	11	1.92	5	-1.92
tag	16	4	-0.96	12	0.96
人々	16	7	0.73	9	-0.73
24	16	6	0.70	10	0.70
後発	16	16	6.51	0	-6.51
例えば	16	2	-1.76	14	1.76
akahata	16	16	6.51	0	-6.51
依存	16	0	-3.45	16	3.45
メリット	16	0	-3.45	16	3.45
彼	16	0	-3.45	16	3.45
本質	15	11	2.21	4	-2.21
じゃ	15	9	1.26	6	-1.26
すれ	15	2	-1.60	13	1.60
言っ	15	8	0.96	7	-0.96
大きな	15	5	-0.72	10	0.72
次	15	7	0.77	8	-0.77
る	15	5	-0.72	10	0.72
なけれ	15	6	0.69	9	0.69
力	15	5	-0.72	10	0.72
とともに	15	9	1.26	6	-1.26
作成	15	9	1.26	6	-1.26
クリック	15	14	4.74	1	-4.74
３	15	6	0.69	9	0.69
競争	15	10	1.67	5	-1.67
編集	15	6	0.69	9	0.69
x	15	14	4.74	1	-4.74
line	15	13	3.70	2	-3.70
氏	15	9	1.26	6	-1.26
与え	15	1	-2.25	14	2.25
視点	15	2	-1.60	13	1.60
続ける	15	3	-1.15	12	1.15
常に	15	1	-2.25	14	2.25
特に	15	1	-2.25	14	2.25
理由	15	1	-2.25	14	2.25
得	15	1	-2.25	14	2.25
35	15	7	0.77	8	-0.77
全日	15	15	6.11	0	-6.11
美術	15	15	6.11	0	-6.11
大きく	15	3	-1.15	12	1.15
成果	15	2	-1.60	13	1.60
体験	15	6	0.69	9	0.69
デメリット	15	0	-3.24	15	3.24
欠乏	15	0	-3.24	15	3.24
表示	14	6	0.69	8	-0.69
どんな	14	7	0.82	7	-0.82
見え	14	10	1.93	4	-1.93
最後	14	7	0.82	7	-0.82
違う	14	8	1.07	6	-1.07
しか	14	8	1.07	6	-1.07
f	14	12	3.36	2	-3.36
［	14	11	2.56	3	-2.56
担当	14	13	4.36	1	-4.36
内容	14	6	0.69	8	-0.69
見る	14	5	0.68	9	0.68
会社	14	6	0.69	8	-0.69
news	14	14	5.70	0	-5.70
me	14	12	3.36	2	-3.36
hcc	14	14	5.70	0	-5.70
16	14	4	-0.79	10	0.79
wikimedia	14	8	1.07	6	-1.07
A	14	12	3.36	2	-3.36
変化	14	9	1.44	5	-1.44
実際	14	4	-0.79	10	0.79
評価	14	1	-2.07	13	2.07
01	14	13	4.36	1	-4.36
―	14	6	0.69	8	-0.69
自信	14	2	-1.45	12	1.45
bottun	14	14	5.70	0	-5.70
gif	14	14	5.70	0	-5.70
理解	14	1	-2.07	13	2.07
収載	14	14	5.70	0	-5.70
エリア	14	0	-3.02	14	3.02
株式	14	0	-3.02	14	3.02
media	14	0	-3.02	14	3.02
rakuten	14	0	-3.02	14	3.02
sec	14	0	-3.02	14	3.02
対象	13	6	0.72	7	-0.72
みんな	13	10	2.26	3	-2.26
会	13	13	5.29	0	-5.29
話	13	2	-1.30	11	1.30
最近	13	7	0.91	6	-0.91
光	13	13	5.29	0	-5.29
だから	13	4	-0.72	9	0.72
言え	13	1	-1.88	12	1.88
最初	13	5	0.65	8	0.65
リンク	13	8	1.23	5	-1.23
〜	13	7	0.91	6	-0.91
なぜ	13	4	-0.72	9	0.72
］	13	11	3.02	2	-3.02
まち	13	13	5.29	0	-5.29
年度	13	13	5.29	0	-5.29
○	13	11	3.02	2	-3.02
動画	13	13	5.29	0	-5.29
に関する	13	11	3.02	2	-3.02
山口	13	13	5.29	0	-5.29
40	13	5	0.65	8	0.65
変わっ	13	2	-1.30	11	1.30
による	13	4	-0.72	9	0.72
金	13	10	2.26	3	-2.26
健康	13	4	-0.72	9	0.72
やり	13	11	3.02	2	-3.02
すべて	13	2	-1.30	11	1.30
スタッフ	13	10	2.26	3	-2.26
す	13	7	0.91	6	-0.91
Wikipedia	13	9	1.67	4	-1.67
または	13	2	-1.30	11	1.30
現実	13	4	-0.72	9	0.72
B	13	11	3.02	2	-3.02
倍率	13	13	5.29	0	-5.29
調査	13	12	3.99	1	-3.99
駅	13	11	3.02	2	-3.02
のに	13	3	-0.92	10	0.92
─	13	2	-1.30	11	1.30
といった	13	1	-1.88	12	1.88
保険	13	7	0.91	6	-0.91
抽選	12	12	4.89	0	-4.89
いただき	12	9	1.97	3	-1.97
観	12	5	0.65	7	0.65
野	12	12	4.89	0	-4.89
生き	12	8	1.43	4	-1.43
課題	12	11	3.61	1	-3.61
わから	12	9	1.97	3	-1.97
点	12	8	1.43	4	-1.43
本	12	6	0.77	6	-0.77
17	12	6	0.77	6	-0.77
抱く	12	4	-0.66	8	0.66
よい	12	5	0.65	7	0.65
わけ	12	2	-1.15	10	1.15
14	12	8	1.43	4	-1.43
37	12	5	0.65	7	0.65
時点	12	11	3.61	1	-3.61
働き	12	4	-0.66	8	0.66
もっと	12	5	0.65	7	0.65
起き	12	4	-0.66	8	0.66
応募	12	12	4.89	0	-4.89
８	12	3	-0.82	9	0.82
大	12	5	0.65	7	0.65
いう	12	3	-0.82	9	0.82
歳	12	8	1.43	4	-1.43
場	12	8	1.43	4	-1.43
違和感	12	1	-1.70	11	1.70
非	12	6	0.77	6	-0.77
項目	12	5	0.65	7	0.65
出典	12	6	0.77	6	-0.77
検索	12	6	0.77	6	-0.77
英語	12	6	0.77	6	-0.77
wmf	12	6	0.77	6	-0.77
E	12	6	0.77	6	-0.77
中学生	12	10	2.68	2	-2.68
生活	12	2	-1.15	10	1.15
重大	12	12	4.89	0	-4.89
約束	12	9	1.97	3	-1.97
君	12	2	-1.15	10	1.15
．	12	1	-1.70	11	1.70
井上	12	10	2.68	2	-2.68
思い切っ	12	12	4.89	0	-4.89
画材	12	12	4.89	0	-4.89
断	12	12	4.89	0	-4.89
捨離	12	12	4.89	0	-4.89
ゆめ	12	12	4.89	0	-4.89
差	12	5	0.65	7	0.65
設定	12	1	-1.70	11	1.70
aik	12	12	4.89	0	-4.89
2025122908	12	12	4.89	0	-4.89
実は	12	0	-2.59	12	2.59
mainichi	12	0	-2.59	12	2.59
kotoba	12	0	-2.59	12	2.59
要因	12	0	-2.59	12	2.59
ビジネス	12	0	-2.59	12	2.59
日銀	12	0	-2.59	12	2.59
働きかける	12	0	-2.59	12	2.59
平均	12	0	-2.59	12	2.59
他者	12	0	-2.59	12	2.59
行為	12	0	-2.59	12	2.59
みたい	11	4	0.62	7	0.62
もう	11	2	-1.02	9	1.02
言い	11	1	-1.52	10	1.52
ら	11	7	1.19	4	-1.19
今日	11	5	0.67	6	-0.67
登録	11	3	-0.73	8	0.73
みる	11	6	0.86	5	-0.86
件	11	2	-1.02	9	1.02
13	11	8	1.69	3	-1.69
７	11	6	0.86	5	-0.86
イベント	11	8	1.69	3	-1.69
なか	11	6	0.86	5	-0.86
プロジェクト	11	9	2.36	2	-2.36
愛知	11	11	4.48	0	-4.48
内	11	2	-1.02	9	1.02
部	11	10	3.25	1	-3.25
募集	11	11	4.48	0	-4.48
そこで	11	3	-0.73	8	0.73
トップ	11	6	0.86	5	-0.86
シェア	11	2	-1.02	9	1.02
s	11	11	4.48	0	-4.48
sharer	11	8	1.69	3	-1.69
責任	11	1	-1.52	10	1.52
不安	11	3	-0.73	8	0.73
軸	11	1	-1.52	10	1.52
度	11	2	-1.02	9	1.02
普通	11	10	3.25	1	-3.25
cms	11	11	4.48	0	-4.48
33	11	5	0.67	6	-0.67
60	11	7	1.19	4	-1.19
（[	11	2	-1.02	9	1.02
思考	11	3	-0.73	8	0.73
更新	11	6	0.86	5	-0.86
34	11	5	0.67	6	-0.67
情報	11	4	0.62	7	0.62
q	11	10	3.25	1	-3.25
77	11	7	1.19	4	-1.19
学科	11	11	4.48	0	-4.48
ポイント	11	6	0.86	5	-0.86
総合	11	11	4.48	0	-4.48
entry	11	1	-1.52	10	1.52
肯定	11	6	0.86	5	-0.86
36	11	3	-0.73	8	0.73
amp	11	10	3.25	1	-3.25
一般	11	2	-1.02	9	1.02
使用	11	5	0.67	6	-0.67
予定	11	8	1.69	3	-1.69
D	11	10	3.25	1	-3.25
alternate	11	0	-2.38	11	2.38
やすい	11	0	-2.38	11	2.38
感動	11	0	-2.38	11	2.38
考察	11	0	-2.38	11	2.38
過度	11	0	-2.38	11	2.38
民生	11	0	-2.38	11	2.38
80	10	6	0.98	4	-0.98
たくさん	10	4	0.60	6	0.60
歌	10	10	4.07	0	-4.07
他	10	3	-0.65	7	0.65
言わ	10	2	-0.89	8	0.89
ところ	10	3	-0.65	7	0.65
に関して	10	1	-1.35	9	1.35
100	10	4	0.60	6	0.60
強く	10	2	-0.89	8	0.89
会員	10	3	-0.65	7	0.65
株式会社	10	7	1.42	3	-1.42
日々	10	7	1.42	3	-1.42
身	10	2	-0.89	8	0.89
目的	10	3	-0.65	7	0.65
とても	10	2	-0.89	8	0.89
任命	10	10	4.07	0	-4.07
等	10	10	4.07	0	-4.07
それぞれ	10	1	-1.35	9	1.35
京都	10	10	4.07	0	-4.07
絶望	10	10	4.07	0	-4.07
39	10	4	0.60	6	0.60
41	10	5	0.71	5	-0.71
42	10	5	0.71	5	-0.71
43	10	5	0.71	5	-0.71
願い	10	6	0.98	4	-0.98
plugins	10	10	4.07	0	-4.07
73	10	5	0.71	5	-0.71
咲く	10	10	4.07	0	-4.07
タイ	10	1	-1.35	9	1.35
89	10	7	1.42	3	-1.42
saga	10	10	4.07	0	-4.07
ref	10	4	0.60	6	0.60
ビジョン	10	9	2.88	1	-2.88
際	10	1	-1.35	9	1.35
事業	10	10	4.07	0	-4.07
blog	10	9	2.88	1	-2.88
93	10	6	0.98	4	-0.98
svg	10	9	2.88	1	-2.88
donate	10	6	0.98	4	-0.98
ファイル	10	7	1.42	3	-1.42
116	10	6	0.98	4	-0.98
117	10	6	0.98	4	-0.98
年間	10	6	0.98	4	-0.98
卒業	10	10	4.07	0	-4.07
見込	10	10	4.07	0	-4.07
最高	10	7	1.42	3	-1.42
－	10	2	-0.89	8	0.89
動き	10	9	2.88	1	-2.88
事	10	3	-0.65	7	0.65
頃	10	8	2.04	2	-2.04
感覚	10	4	0.60	6	0.60
すぎ	10	1	-1.35	9	1.35
of	10	7	1.42	3	-1.42
しまっ	10	1	-1.35	9	1.35
V	10	1	-1.35	9	1.35
ほっ	10	10	4.07	0	-4.07
かい	10	10	4.07	0	-4.07
写真	10	10	4.07	0	-4.07
価格	10	3	-0.65	7	0.65
生まれ	10	4	0.60	6	0.60
義肢	10	10	4.07	0	-4.07
表す	10	0	-2.16	10	2.16
側面	10	0	-2.16	10	2.16
示す	10	0	-2.16	10	2.16
二つ	10	0	-2.16	10	2.16
salon	10	0	-2.16	10	2.16
コントロール	10	0	-2.16	10	2.16
40089	10	0	-2.16	10	2.16
もちろん	10	0	-2.16	10	2.16
日経	10	0	-2.16	10	2.16
米国	10	0	-2.16	10	2.16
利下げ	10	0	-2.16	10	2.16
職場	10	0	-2.16	10	2.16
oosakinaoto	10	0	-2.16	10	2.16
奥田	10	0	-2.16	10	2.16
購入	9	9	3.66	0	-3.66
待機	9	9	3.66	0	-3.66
列	9	9	3.66	0	-3.66
実施	9	7	1.72	2	-1.72
概要	9	9	3.66	0	-3.66
形成	9	1	-1.18	8	1.18
web	9	5	0.80	4	-0.80
哲学	9	8	2.52	1	-2.52
テーマ	9	4	0.61	5	-0.61
苫	9	9	3.66	0	-3.66
気	9	5	0.80	4	-0.80
あまり	9	4	0.61	5	-0.61
確か	9	4	0.61	5	-0.61
使う	9	4	0.61	5	-0.61
無理	9	6	1.17	3	-1.17
こんな	9	1	-1.18	8	1.18
読ん	9	2	-0.77	7	0.77
計画	9	5	0.80	4	-0.80
いま	9	3	0.59	6	0.59
まず	9	2	-0.77	7	0.77
求める	9	3	0.59	6	0.59
周り	9	2	-0.77	7	0.77
行う	9	3	0.59	6	0.59
都道府県	9	9	3.66	0	-3.66
東京	9	6	1.17	3	-1.17
花	9	9	3.66	0	-3.66
95	9	6	1.17	3	-1.17
佐賀	9	9	3.66	0	-3.66
一文字	9	9	3.66	0	-3.66
町	9	9	3.66	0	-3.66
話題	9	7	1.72	2	-1.72
social	9	9	3.66	0	-3.66
lineit	9	9	3.66	0	-3.66
豊か	9	4	0.61	5	-0.61
84	9	7	1.72	2	-1.72
90	9	5	0.80	4	-0.80
選択	9	4	0.61	5	-0.61
伝え	9	1	-1.18	8	1.18
聞く	9	6	1.17	3	-1.17
ケース	9	3	0.59	6	0.59
変え	9	2	-0.77	7	0.77
目次	9	2	-0.77	7	0.77
個	9	6	1.17	3	-1.17
参考	9	1	-1.18	8	1.18
瞬間	9	7	1.72	2	-1.72
感謝	9	3	0.59	6	0.59
高等	9	9	3.66	0	-3.66
前年度	9	9	3.66	0	-3.66
子供	9	3	0.59	6	0.59
i	9	1	-1.18	8	1.18
コラム	9	3	0.59	6	0.59
／	9	6	1.17	3	-1.17
若者	9	9	3.66	0	-3.66
日本語	9	1	-1.18	8	1.18
post	9	2	-0.77	7	0.77
役割	9	1	-1.18	8	1.18
方向	9	1	-1.18	8	1.18
せる	9	1	-1.18	8	1.18
管理	9	1	-1.18	8	1.18
政治	9	8	2.52	1	-2.52
府議	9	9	3.66	0	-3.66
政権	9	2	-0.77	7	0.77
プリント	9	9	3.66	0	-3.66
完全	9	1	-1.18	8	1.18
どちら	9	0	-1.94	9	1.94
バランス	9	0	-1.94	9	1.94
無	9	0	-1.94	9	1.94
面	9	0	-1.94	9	1.94
archives	9	0	-1.94	9	1.94
認識	9	0	-1.94	9	1.94
2022	9	0	-1.94	9	1.94
求め	9	0	-1.94	9	1.94
対応	9	0	-1.94	9	1.94
欲しい	9	0	-1.94	9	1.94
消費	9	0	-1.94	9	1.94
否定	9	0	-1.94	9	1.94
psychology	9	0	-1.94	9	1.94
待つ	9	0	-1.94	9	1.94
過剰	9	0	-1.94	9	1.94
グッズ	8	8	3.26	0	-3.26
てる	8	3	0.55	5	0.55
やっぱり	8	5	0.93	3	-0.93
しっかり	8	6	1.43	2	-1.43
まずは	8	5	0.93	3	-0.93
全員	8	6	1.43	2	-1.43
とか	8	4	0.65	4	-0.65
ちょっと	8	8	3.26	0	-3.26
ほぼ	8	1	-1.02	7	1.02
考え方	8	1	-1.02	7	1.02
声	8	7	2.16	1	-2.16
胸	8	8	3.26	0	-3.26
手	8	3	0.55	5	0.55
うまく	8	2	-0.66	6	0.66
生きる	8	6	1.43	2	-1.43
全国	8	8	3.26	0	-3.26
講座	8	1	-1.02	7	1.02
活躍	8	3	0.55	5	0.55
区	8	7	2.16	1	-2.16
もと	8	5	0.93	3	-0.93
コメント	8	3	0.55	5	0.55
４	8	4	0.65	4	-0.65
※	8	5	0.93	3	-0.93
＆	8	7	2.16	1	-2.16
キャリア	8	5	0.93	3	-0.93
ゲーム	8	7	2.16	1	-2.16
知ら	8	2	-0.66	6	0.66
超え	8	2	-0.66	6	0.66
サイト	8	4	0.65	4	-0.65
分	8	3	0.55	5	0.55
87	8	5	0.93	3	-0.93
88	8	6	1.43	2	-1.43
92	8	5	0.93	3	-0.93
明確	8	2	-0.66	6	0.66
今後	8	5	0.93	3	-0.93
部分	8	2	-0.66	6	0.66
判断	8	1	-1.02	7	1.02
97	8	4	0.65	4	-0.65
提供	8	5	0.93	3	-0.93
向上	8	1	-1.02	7	1.02
使い方	8	2	-0.66	6	0.66
·	8	8	3.26	0	-3.26
139	8	7	2.16	1	-2.16
望む	8	1	-1.02	7	1.02
女性	8	4	0.65	4	-0.65
しまい	8	1	-1.02	7	1.02
悪い	8	2	-0.66	6	0.66
愛	8	4	0.65	4	-0.65
足	8	4	0.65	4	-0.65
機能	8	5	0.93	3	-0.93
en	8	3	0.55	5	0.55
出来事	8	2	-0.66	6	0.66
returnto	8	4	0.65	4	-0.65
98	8	4	0.65	4	-0.65
99	8	3	0.55	5	0.55
Special	8	4	0.65	4	-0.65
Q	8	5	0.93	3	-0.93
105	8	3	0.55	5	0.55
114	8	4	0.65	4	-0.65
115	8	4	0.65	4	-0.65
Category	8	6	1.43	2	-1.43
県内	8	8	3.26	0	-3.26
調べ	8	7	2.16	1	-2.16
うち	8	3	0.55	5	0.55
学び	8	6	1.43	2	-1.43
新年	8	7	2.16	1	-2.16
来	8	2	-0.66	6	0.66
環境	8	3	0.55	5	0.55
決して	8	2	-0.66	6	0.66
まだ	8	3	0.55	5	0.55
楽	8	1	-1.02	7	1.02
むしろ	8	2	-0.66	6	0.66
費	8	8	3.26	0	-3.26
ためし	8	8	3.26	0	-3.26
さいたま	8	8	3.26	0	-3.26
高額	8	7	2.16	1	-2.16
先発	8	8	3.26	0	-3.26
化	8	1	-1.02	7	1.02
1000	8	5	0.93	3	-0.93
ワールド	8	8	3.26	0	-3.26
演奏	8	1	-1.02	7	1.02
候補	8	8	3.26	0	-3.26
訴え	8	8	3.26	0	-3.26
高市	8	2	-0.66	6	0.66
サービス	8	2	-0.66	6	0.66
そもそも	8	0	-1.73	8	1.73
国語	8	0	-1.73	8	1.73
存在	8	0	-1.73	8	1.73
想定	8	0	-1.73	8	1.73
時期	8	0	-1.73	8	1.73
AI	8	0	-1.73	8	1.73
インフレ	8	0	-1.73	8	1.73
種類	8	0	-1.73	8	1.73
覚え	8	0	-1.73	8	1.73
注意	8	0	-1.73	8	1.73
金利	8	0	-1.73	8	1.73
夫婦	8	0	-1.73	8	1.73
満たさ	8	0	-1.73	8	1.73
プレッシャー	8	0	-1.73	8	1.73
利益	8	0	-1.73	8	1.73
）～	8	0	-1.73	8	1.73
img	8	0	-1.73	8	1.73
変形	8	0	-1.73	8	1.73
daily	8	0	-1.73	8	1.73
間	8	0	-1.73	8	1.73
村井	8	0	-1.73	8	1.73
とも	7	2	-0.57	5	0.57
詳細	7	5	1.14	2	-1.14
最大	7	1	-0.86	6	0.86
取	7	6	1.81	1	-1.81
いこ	7	3	0.54	4	0.54
はず	7	1	-0.86	6	0.86
いけ	7	2	-0.57	5	0.57
向かう	7	5	1.14	2	-1.14
まとめ	7	3	0.54	4	0.54
本当	7	3	0.54	4	0.54
置い	7	2	-0.57	5	0.57
大事	7	3	0.54	4	0.54
現在	7	5	1.14	2	-1.14
地	7	5	1.14	2	-1.14
道	7	6	1.81	1	-1.81
福祉	7	7	2.85	0	-2.85
発信	7	5	1.14	2	-1.14
普及	7	6	1.81	1	-1.81
いただい	7	4	0.73	3	-0.73
進める	7	3	0.54	4	0.54
１月	7	7	2.85	0	-2.85
運営	7	3	0.54	4	0.54
前向き	7	6	1.81	1	-1.81
新た	7	7	2.85	0	-2.85
問い合わせ	7	3	0.54	4	0.54
]【	7	3	0.54	4	0.54
特集	7	7	2.85	0	-2.85
取り	7	6	1.81	1	-1.81
49	7	4	0.73	3	-0.73
だるま	7	7	2.85	0	-2.85
同	7	6	1.81	1	-1.81
minyu	7	7	2.85	0	-2.85
72	7	6	1.81	1	-1.81
タイム	7	7	2.85	0	-2.85
カプセル	7	7	2.85	0	-2.85
＝	7	5	1.14	2	-1.14
手紙	7	6	1.81	1	-1.81
2023	7	2	-0.57	5	0.57
86	7	5	1.14	2	-1.14
送る	7	2	-0.57	5	0.57
悩み	7	4	0.73	3	-0.73
歩	7	7	2.85	0	-2.85
分野	7	4	0.73	3	-0.73
おり	7	3	0.54	4	0.54
やすく	7	1	-0.86	6	0.86
最も	7	2	-0.57	5	0.57
避ける	7	3	0.54	4	0.54
67	7	5	1.14	2	-1.14
資料	7	3	0.54	4	0.54
71	7	3	0.54	4	0.54
宗教	7	7	2.85	0	-2.85
134	7	5	1.14	2	-1.14
137	7	4	0.73	3	-0.73
ジャパン	7	5	1.14	2	-1.14
149	7	4	0.73	3	-0.73
150	7	3	0.54	4	0.54
Hope	7	7	2.85	0	-2.85
169	7	2	-0.57	5	0.57
94	7	2	-0.57	5	0.57
102	7	3	0.54	4	0.54
103	7	3	0.54	4	0.54
104	7	3	0.54	4	0.54
106	7	3	0.54	4	0.54
107	7	3	0.54	4	0.54
112	7	4	0.73	3	-0.73
id	7	2	-0.57	5	0.57
これから	7	2	-0.57	5	0.57
瑞	7	7	2.85	0	-2.85
陵	7	7	2.85	0	-2.85
中学校	7	7	2.85	0	-2.85
比	7	5	1.14	2	-1.14
65	7	4	0.73	3	-0.73
く	7	4	0.73	3	-0.73
00	7	5	1.14	2	-1.14
shimotsuke	7	7	2.85	0	-2.85
hatena	7	4	0.73	3	-0.73
ne	7	4	0.73	3	-0.73
via	7	5	1.14	2	-1.14
